,time,predict-Long,predict-Lat,real-Long,real-Lat,ServingBase-Long,ServingBase-Lat
0,54699,121.448956575,31.1922625012,121.4486583,31.19213833,121.45232,31.193257
1,54699,121.448965939,31.1922730379,121.4486467,31.19213,121.45232,31.193257
2,54700,121.448964966,31.1922663261,121.4486467,31.19213,121.45232,31.193257
3,54700,121.44895842,31.192263926,121.448635,31.19212167,121.45232,31.193257
4,54701,121.448947733,31.1922602045,121.448635,31.19212167,121.45232,31.193257
5,54701,121.448948811,31.1922615013,121.448635,31.19212167,121.45232,31.193257
6,54701,121.448945919,31.1922597585,121.4486233,31.19211667,121.45232,31.193257
7,54702,121.44894607,31.1922597636,121.4486133,31.19211,121.45232,31.193257
8,54702,121.448949204,31.192260588,121.4486133,31.19211,121.45232,31.193257
9,54703,121.448945699,31.1922596186,121.4486033,31.192105,121.45232,31.193257
10,54703,121.448956603,31.1922644191,121.4486033,31.192105,121.45232,31.193257
11,54704,121.448949359,31.1922607065,121.4485933,31.19209833,121.45232,31.193257
12,54704,121.44900249,31.1922975828,121.4485933,31.19209833,121.45232,31.193257
13,54705,121.448947722,31.1922607509,121.4485833,31.19209167,121.45232,31.193257
14,54705,121.44895936,31.1922682821,121.4485833,31.19209167,121.45232,31.193257
15,54706,121.448971922,31.1922760764,121.4485833,31.19209167,121.45232,31.193257
16,54706,121.448960364,31.1922687407,121.4485717,31.19208667,121.45232,31.193257
17,54707,121.448956537,31.192264609,121.4485717,31.19208667,121.45232,31.193257
18,54707,121.448963113,31.1922657539,121.4485567,31.19208167,121.45232,31.193257
19,54708,121.448957869,31.1922651506,121.4485567,31.19208167,121.45232,31.193257
20,54708,121.448955735,31.1922637549,121.44854,31.19207333,121.45232,31.193257
21,54709,121.448970101,31.1922818084,121.44854,31.19207333,121.45232,31.193257
22,54709,121.44896371,31.1922700362,121.4485217,31.19206833,121.45232,31.193257
23,54710,121.448969069,31.1922832826,121.4485217,31.19206833,121.45232,31.193257
24,54710,121.448960136,31.1922688033,121.448505,31.19206333,121.45232,31.193257
25,54711,121.448946769,31.1922596678,121.448505,31.19206333,121.45232,31.193257
26,54711,121.448964427,31.1922843701,121.448505,31.19206333,121.45232,31.193257
27,54712,121.448989449,31.192341195,121.4484917,31.19205,121.45232,31.193257
28,54712,121.448957776,31.1922769389,121.4484783,31.19204167,121.45232,31.193257
29,54713,121.448957728,31.1922786175,121.4484783,31.19204167,121.45232,31.193257
30,54713,121.448966411,31.1922691271,121.4484667,31.19204,121.45232,31.193257
31,54713,121.448961035,31.1922690449,121.4484667,31.19204,121.45232,31.193257
32,54714,121.448961924,31.1922695411,121.4484517,31.19204,121.45232,31.193257
33,54714,121.448961083,31.1922649856,121.4484517,31.19204,121.45232,31.193257
34,54715,121.448953516,31.1922693241,121.448435,31.19204,121.45232,31.193257
35,54715,121.448937933,31.1922691051,121.448435,31.19204,121.45232,31.193257
36,54716,121.448962508,31.1922717537,121.448435,31.19204,121.45232,31.193257
37,54716,121.44895049,31.1922664943,121.4484217,31.19203667,121.45232,31.193257
38,54717,121.448954671,31.1922635548,121.4484083,31.19203667,121.45232,31.193257
39,54717,121.448958376,31.1922649994,121.4484083,31.19203667,121.45232,31.193257
40,54718,121.448954288,31.1922633366,121.4484083,31.19203667,121.45232,31.193257
41,54718,121.448961495,31.192277161,121.448395,31.19203667,121.45232,31.193257
42,54719,121.448967279,31.1922700581,121.448395,31.19203667,121.45232,31.193257
43,54719,121.448953857,31.1922628744,121.4483833,31.192035,121.45232,31.193257
44,54720,121.448966771,31.1922806317,121.4483833,31.192035,121.45232,31.193257
45,54720,121.448984527,31.1922940611,121.44837,31.19203167,121.45232,31.193257
46,54721,121.448945014,31.1922591688,121.44837,31.19203167,121.45232,31.193257
47,54721,121.448967053,31.1922698237,121.44837,31.19203167,121.45232,31.193257
48,54722,121.448957359,31.1922646245,121.4483567,31.19202833,121.45232,31.193257
49,54722,121.448972776,31.1922831932,121.448345,31.192025,121.45232,31.193257
50,54723,121.448955937,31.1922637917,121.448345,31.192025,121.45232,31.193257
51,54723,121.448946085,31.1922598523,121.4483333,31.19202333,121.45232,31.193257
52,54724,121.448960976,31.1922686701,121.4483333,31.19202333,121.45232,31.193257
53,54724,121.448963213,31.1922703314,121.4483217,31.19202167,121.45232,31.193257
54,54725,121.448950296,31.1922603903,121.4483217,31.19202167,121.45232,31.193257
55,54725,121.448964549,31.1922662342,121.4483117,31.19201833,121.45232,31.193257
56,54725,121.448953892,31.1922631176,121.4483117,31.19201833,121.45232,31.193257
57,54726,121.448956475,31.1922749767,121.4483117,31.19201833,121.45232,31.193257
58,54726,121.448953654,31.1922630154,121.4483,31.192015,121.45232,31.193257
59,54727,121.448954432,31.1922634171,121.44829,31.19201333,121.45232,31.193257
60,54727,121.448977777,31.1922857019,121.44829,31.19201333,121.45232,31.193257
61,54728,121.448972462,31.1922932239,121.448275,31.19201167,121.45232,31.193257
62,54728,121.448968848,31.1923035539,121.448275,31.19201167,121.45232,31.193257
63,54729,121.448964631,31.19228126,121.448275,31.19201167,121.45232,31.193257
64,54729,121.448963193,31.1922659038,121.44826,31.19200833,121.45232,31.193257
65,54730,121.448954297,31.192263319,121.44826,31.19200833,121.45232,31.193257
66,54730,121.448964655,31.1922789768,121.4482483,31.192005,121.45232,31.193257
67,54731,121.448964251,31.1923147777,121.4482483,31.192005,121.45232,31.193257
68,54731,121.448972152,31.1922878504,121.4482483,31.192005,121.45232,31.193257
69,54732,121.44896039,31.1923120239,121.4482367,31.19200167,121.45232,31.193257
70,54732,121.448967717,31.1922723153,121.4482267,31.192,121.45232,31.193257
71,54733,121.448955746,31.1922639903,121.4482267,31.192,121.45232,31.193257
72,54733,121.448961043,31.1922690353,121.4482133,31.192,121.45232,31.193257
73,54734,121.448957836,31.1922751511,121.4482133,31.192,121.45232,31.193257
74,54734,121.448955945,31.1922798699,121.4482033,31.191995,121.45232,31.193257
75,54735,121.448963162,31.1922752793,121.4482033,31.191995,121.45232,31.193257
76,54735,121.448958294,31.1922709628,121.4481917,31.19199167,121.45232,31.193257
77,54736,121.449093193,31.1924615305,121.4481917,31.19199167,121.45232,31.193257
78,54737,121.449340749,31.1929787271,121.44818,31.19199,121.45232,31.193257
79,54737,121.449359738,31.1930466765,121.4481683,31.19198667,121.45232,31.193257
80,54738,121.44938283,31.1930920945,121.4481683,31.19198667,121.45232,31.193257
81,54738,121.449375023,31.193065319,121.4481583,31.19198167,121.45232,31.193257
82,54739,121.449384631,31.1931013322,121.4481583,31.19198167,121.45232,31.193257
83,54739,121.449367958,31.1930141787,121.448145,31.19198,121.45232,31.193257
84,54740,121.449413379,31.1930553634,121.448145,31.19198,121.45232,31.193257
85,54740,121.449394557,31.1930348319,121.4481333,31.191975,121.45232,31.193257
86,54741,121.449404313,31.1930609646,121.4481333,31.191975,121.45232,31.193257
87,54741,121.449386771,31.1930663898,121.4481333,31.191975,121.45232,31.193257
88,54741,121.449410726,31.1930940531,121.4481217,31.19197167,121.45232,31.193257
89,54742,121.448003924,31.1939324115,121.44811,31.19196833,121.45232,31.193257
90,54743,121.446085872,31.1947181487,121.4480967,31.19196833,121.446334,31.190932
91,54743,121.445099109,31.1950253059,121.4480967,31.19196833,121.446334,31.190932
92,54744,121.445323888,31.195029646,121.4480833,31.191965,121.446334,31.190932
93,54744,121.445412848,31.1951326915,121.4480833,31.191965,121.446334,31.190932
94,54745,121.445695703,31.1951939293,121.4480833,31.191965,121.446334,31.190932
95,54745,121.445770488,31.1952144437,121.44807,31.19196167,121.446334,31.190932
96,54746,121.445624747,31.1952306333,121.44807,31.19196167,121.446334,31.190932
97,54746,121.445693183,31.1952394832,121.44807,31.19196167,121.446334,31.190932
98,54747,121.445759871,31.1952720267,121.4480567,31.19195833,121.446334,31.190932
99,54747,121.445853994,31.195281499,121.448045,31.191955,121.446334,31.190932
100,54748,121.445724629,31.1952206621,121.448045,31.191955,121.446334,31.190932
101,54748,121.445715946,31.1952106762,121.4480367,31.19195,121.446334,31.190932
102,54749,121.445645919,31.195139144,121.4480367,31.19195,121.446334,31.190932
103,54749,121.446323398,31.1947516163,121.4480283,31.19194333,121.446334,31.190932
104,54750,121.447665773,31.1936816164,121.4480183,31.19194,121.45232,31.193257
105,54751,121.448853217,31.1926445204,121.4480183,31.19194,121.45232,31.193257
106,54751,121.448962091,31.1924115065,121.4480067,31.19193667,121.45232,31.193257
107,54752,121.448965659,31.1922811033,121.447995,31.19193167,121.45232,31.193257
108,54752,121.448959752,31.192276758,121.447995,31.19193167,121.45232,31.193257
109,54753,121.448964106,31.1922706745,121.447985,31.19192667,121.45232,31.193257
110,54753,121.448976037,31.1922848052,121.447985,31.19192667,121.45232,31.193257
111,54754,121.448971925,31.1922969502,121.447985,31.19192667,121.45232,31.193257
112,54754,121.448972163,31.1922930942,121.4479717,31.19189833,121.45232,31.193257
113,54755,121.447997326,31.1935020406,121.4479717,31.19189833,121.45232,31.193257
114,54756,121.446491496,31.1948091839,121.4479567,31.19189333,121.446334,31.190932
115,54756,121.445492738,31.1951487338,121.4479567,31.19189333,121.446334,31.190932
116,54757,121.445345144,31.1951068598,121.447945,31.19188833,121.446334,31.190932
117,54757,121.445440346,31.1951289049,121.4479317,31.19188333,121.446334,31.190932
118,54757,121.445494201,31.1951432295,121.4479317,31.19188333,121.446334,31.190932
119,54758,121.445195827,31.1950223158,121.4479183,31.191875,121.446334,31.190932
120,54758,121.445067641,31.1950066191,121.4479183,31.191875,121.446334,31.190932
121,54759,121.445129165,31.1950234637,121.4479033,31.19186333,121.446334,31.190932
122,54759,121.445269548,31.1950624442,121.4479033,31.19186333,121.446334,31.190932
123,54760,121.445270381,31.1950862462,121.4478867,31.19185167,121.446334,31.190932
124,54760,121.446392599,31.1947985734,121.4478867,31.19185167,121.446334,31.190932
125,54761,121.448011369,31.1940342791,121.4478717,31.19184333,121.450679,31.192496
126,54762,121.449278615,31.1930951354,121.4478717,31.19184333,121.450679,31.192496
127,54762,121.449277077,31.1931012296,121.4478617,31.19183667,121.450679,31.192496
128,54763,121.44928041,31.1931056525,121.4478617,31.19183667,121.450679,31.192496
129,54763,121.449303597,31.1930934931,121.4478483,31.19183,121.450679,31.192496
130,54764,121.449276888,31.1931600985,121.4478483,31.19183,121.450679,31.192496
131,54764,121.449335758,31.1931353167,121.447835,31.191825,121.450679,31.192496
132,54765,121.44926619,31.1931439219,121.447835,31.191825,121.450679,31.192496
133,54765,121.449289867,31.193127828,121.44782,31.19182,121.450679,31.192496
134,54766,121.448028214,31.1940198237,121.44782,31.19182,121.450679,31.192496
135,54767,121.446302408,31.1947443589,121.4478083,31.191815,121.446334,31.190932
136,54767,121.445322172,31.1951214161,121.4477967,31.19181,121.446334,31.190932
137,54768,121.445408179,31.1951287476,121.4477967,31.19181,121.446334,31.190932
138,54768,121.445688554,31.1952326483,121.4477833,31.19180333,121.446334,31.190932
139,54769,121.445662519,31.1952217114,121.4477833,31.19180333,121.446334,31.190932
140,54769,121.445638972,31.19522103,121.4477717,31.1918,121.446334,31.190932
141,54770,121.445722753,31.1952586078,121.4477717,31.1918,121.446334,31.190932
142,54770,121.44582302,31.1952494679,121.44776,31.19179667,121.446334,31.190932
143,54771,121.445900081,31.195270249,121.44776,31.19179667,121.446334,31.190932
144,54771,121.445916378,31.1952413505,121.44776,31.19179667,121.446334,31.190932
145,54771,121.445885888,31.1952589833,121.4477433,31.19179333,121.446334,31.190932
146,54772,121.445774473,31.1952215773,121.4477283,31.19178833,121.446334,31.190932
147,54772,121.445686957,31.1952681233,121.4477283,31.19178833,121.446334,31.190932
148,54773,121.445878415,31.1952272928,121.4477133,31.19178167,121.446334,31.190932
149,54773,121.445882661,31.1952539176,121.4477133,31.19178167,121.446334,31.190932
150,54774,121.445878767,31.1952655395,121.4477017,31.19177667,121.446334,31.190932
151,54774,121.445762723,31.1952253109,121.4477017,31.19177667,121.446334,31.190932
152,54775,121.445646179,31.1952280023,121.4477017,31.19177667,121.446334,31.190932
153,54775,121.445787383,31.1952806314,121.4476883,31.19177,121.446334,31.190932
154,54776,121.445741225,31.1952014935,121.4476883,31.19177,121.446334,31.190932
155,54776,121.44578239,31.1952117357,121.4476733,31.191765,121.446334,31.190932
156,54777,121.44569827,31.1952448875,121.4476733,31.191765,121.446334,31.190932
157,54777,121.445853106,31.1952422885,121.44766,31.19176,121.446334,31.190932
158,54778,121.44571138,31.1952239334,121.44766,31.19176,121.446334,31.190932
159,54778,121.445759766,31.1952120352,121.4476467,31.19175333,121.446334,31.190932
160,54779,121.445784755,31.1952611743,121.4476467,31.19175333,121.446334,31.190932
161,54779,121.445781945,31.1952350913,121.4476317,31.19174833,121.446334,31.190932
162,54780,121.445698144,31.1952457973,121.4476317,31.19174833,121.446334,31.190932
163,54780,121.445832234,31.1953112872,121.4476167,31.19174167,121.446334,31.190932
164,54781,121.445821241,31.1953060139,121.4476167,31.19174167,121.446334,31.190932
165,54781,121.44575727,31.1952400881,121.4476167,31.19174167,121.446334,31.190932
166,54782,121.445692811,31.1952597862,121.4476017,31.19173667,121.446334,31.190932
167,54782,121.445782592,31.1952552767,121.4475883,31.19173,121.446334,31.190932
168,54782,121.445668646,31.1952185153,121.4475883,31.19173,121.446334,31.190932
169,54783,121.44580964,31.1952748328,121.447575,31.191725,121.446334,31.190932
170,54783,121.445757929,31.1952359322,121.447575,31.191725,121.446334,31.190932
171,54784,121.445759863,31.195234939,121.4475633,31.19171833,121.446334,31.190932
172,54784,121.445728322,31.1952136753,121.4475633,31.19171833,121.446334,31.190932
173,54785,121.445781827,31.1952155497,121.44755,31.19171333,121.446334,31.190932
174,54785,121.445654876,31.1952272028,121.44755,31.19171333,121.446334,31.190932
175,54786,121.445786636,31.1952215953,121.44755,31.19171333,121.446334,31.190932
176,54786,121.445687792,31.1952391947,121.4475383,31.19170833,121.446334,31.190932
177,54787,121.445656162,31.1952361029,121.4475383,31.19170833,121.446334,31.190932
178,54787,121.445648611,31.1952243124,121.447525,31.19170333,121.446334,31.190932
179,54788,121.445658343,31.195223339,121.447525,31.19170333,121.446334,31.190932
180,54788,121.445755111,31.1952120998,121.4475133,31.1917,121.446334,31.190932
181,54789,121.445795347,31.1952312988,121.4475133,31.1917,121.446334,31.190932
182,54789,121.445710508,31.1952405644,121.4475033,31.191695,121.446334,31.190932
183,54790,121.44571897,31.1952213115,121.4475033,31.191695,121.446334,31.190932
184,54790,121.445731826,31.1952009372,121.4474917,31.19169167,121.446334,31.190932
185,54791,121.445743224,31.1952195118,121.4474917,31.19169167,121.446334,31.190932
186,54791,121.44576288,31.1952217985,121.4474917,31.19169167,121.446334,31.190932
187,54792,121.445672262,31.1951784749,121.44748,31.19168833,121.446334,31.190932
188,54792,121.445801111,31.1952797531,121.4474683,31.191685,121.446334,31.190932
189,54793,121.44567656,31.1952078001,121.4474683,31.191685,121.446334,31.190932
190,54793,121.445757522,31.1952072451,121.4474567,31.19167833,121.446334,31.190932
191,54794,121.445767322,31.1952703109,121.4474567,31.19167833,121.446334,31.190932
192,54794,121.445795822,31.1952397978,121.447445,31.19167333,121.446334,31.190932
193,54794,121.445723598,31.1952420763,121.447445,31.19167333,121.446334,31.190932
194,54795,121.445821676,31.1952883021,121.4474333,31.19166667,121.446334,31.190932
195,54795,121.445838778,31.1952553089,121.4474333,31.19166667,121.446334,31.190932
196,54796,121.445811728,31.195313118,121.4474333,31.19166667,121.446334,31.190932
197,54796,121.445773555,31.1952170638,121.4474233,31.19166,121.446334,31.190932
198,54797,121.44571944,31.1952747349,121.4474133,31.19165333,121.446334,31.190932
199,54797,121.445654843,31.1952520894,121.4474133,31.19165333,121.446334,31.190932
200,54798,121.445775396,31.195238713,121.4474033,31.19164667,121.446334,31.190932
201,54798,121.445728588,31.1952080726,121.4474033,31.19164667,121.446334,31.190932
202,54799,121.445772263,31.195268497,121.4473917,31.19163833,121.446334,31.190932
203,54799,121.445667269,31.1952515806,121.4473917,31.19163833,121.446334,31.190932
204,54800,121.445780871,31.1952361492,121.4473917,31.19163833,121.446334,31.190932
205,54800,121.445684482,31.195245591,121.44738,31.19163333,121.446334,31.190932
206,54801,121.445776501,31.1952429607,121.44738,31.19163333,121.446334,31.190932
207,54801,121.445795042,31.1952187234,121.44738,31.19163333,121.446334,31.190932
208,54802,121.445816633,31.1952259486,121.4473683,31.19163,121.446334,31.190932
209,54802,121.445649551,31.1952465051,121.4473567,31.19162833,121.446334,31.190932
210,54803,121.445678721,31.1952572701,121.4473567,31.19162833,121.446334,31.190932
211,54803,121.445764755,31.1952295175,121.4473467,31.191625,121.446334,31.190932
212,54804,121.445806363,31.1952949272,121.4473467,31.191625,121.446334,31.190932
213,54804,121.445789737,31.1952295132,121.4473367,31.19162167,121.446334,31.190932
214,54805,121.445781669,31.195225806,121.4473367,31.19162167,121.446334,31.190932
215,54805,121.445728081,31.1952547672,121.447325,31.19161833,121.446334,31.190932
216,54806,121.445676814,31.1952062209,121.447325,31.19161833,121.446334,31.190932
217,54806,121.44582038,31.1952549922,121.447325,31.19161833,121.446334,31.190932
218,54807,121.445797683,31.1952741649,121.44731,31.191615,121.446334,31.190932
219,54807,121.445662504,31.1952248933,121.4472967,31.19161,121.446334,31.190932
220,54807,121.445736209,31.1952136165,121.4472967,31.19161,121.446334,31.190932
221,54808,121.44577972,31.1952144185,121.447285,31.19160833,121.446334,31.190932
222,54808,121.445794399,31.1953054128,121.447285,31.19160833,121.446334,31.190932
223,54809,121.445756817,31.1952457737,121.4472717,31.19160333,121.446334,31.190932
224,54809,121.44577084,31.1952942049,121.4472717,31.19160333,121.446334,31.190932
225,54810,121.445750826,31.1952525909,121.4472583,31.19159833,121.446334,31.190932
226,54810,121.445795524,31.1952701816,121.4472583,31.19159833,121.446334,31.190932
227,54811,121.445784704,31.195295297,121.4472583,31.19159833,121.446334,31.190932
228,54811,121.445645497,31.1952219142,121.4472483,31.19159333,121.446334,31.190932
229,54812,121.445735556,31.1952148993,121.4472483,31.19159333,121.446334,31.190932
230,54812,121.445754004,31.1952131945,121.4472383,31.19159167,121.446334,31.190932
231,54813,121.445768683,31.1952905588,121.4472383,31.19159167,121.446334,31.190932
232,54813,121.445776996,31.1952170588,121.4472283,31.19158667,121.446334,31.190932
233,54814,121.445815837,31.1952358001,121.4472283,31.19158667,121.446334,31.190932
234,54814,121.445649103,31.1952212637,121.4472167,31.19158333,121.446334,31.190932
235,54815,121.445776432,31.1952477536,121.4472167,31.19158333,121.446334,31.190932
236,54815,121.445823933,31.1952444638,121.4472083,31.19158,121.446334,31.190932
237,54816,121.446596785,31.1948329083,121.4472083,31.19158,121.446334,31.190932
238,54817,121.448154112,31.193933767,121.4471983,31.19157333,121.450679,31.192496
239,54817,121.449283613,31.1931020781,121.447185,31.19157,121.450679,31.192496
240,54818,121.449292939,31.1931259047,121.447185,31.19157,121.450679,31.192496
241,54818,121.449299622,31.1930987719,121.4471733,31.191565,121.450679,31.192496
242,54819,121.449300706,31.1930947647,121.4471733,31.191565,121.450679,31.192496
243,54819,121.449301759,31.1931262177,121.4471617,31.19156,121.450679,31.192496
244,54820,121.449277058,31.1931745248,121.4471617,31.19156,121.450679,31.192496
245,54820,121.449274054,31.1931414859,121.44715,31.191555,121.450679,31.192496
246,54820,121.44933769,31.1930597297,121.44715,31.191555,121.450679,31.192496
247,54821,121.448022449,31.1939769975,121.44715,31.191555,121.450679,31.192496
248,54822,121.446246256,31.1947990952,121.4471217,31.19154333,121.446334,31.190932
249,54822,121.445292351,31.1951132812,121.4471217,31.19154333,121.446334,31.190932
250,54823,121.4455747,31.1951561045,121.4471217,31.19154333,121.446334,31.190932
251,54823,121.445590838,31.1951693066,121.4471067,31.19153667,121.446334,31.190932
252,54824,121.445531365,31.1951404841,121.4471067,31.19153667,121.446334,31.190932
253,54824,121.445373061,31.1950666832,121.44709,31.19153167,121.446334,31.190932
254,54825,121.445305664,31.1950817528,121.44709,31.19153167,121.446334,31.190932
255,54825,121.445281899,31.1950621113,121.447075,31.191525,121.446334,31.190932
256,54826,121.445558678,31.1951202104,121.447075,31.191525,121.446334,31.190932
257,54826,121.445756445,31.1952662274,121.447075,31.191525,121.446334,31.190932
258,54827,121.445712708,31.1952120066,121.4470583,31.19151833,121.446334,31.190932
259,54827,121.445570808,31.195145101,121.4470417,31.19151333,121.446334,31.190932
260,54828,121.44540781,31.1951189115,121.4470417,31.19151333,121.446334,31.190932
261,54828,121.445364808,31.1950521542,121.447025,31.19150833,121.446334,31.190932
262,54829,121.445446139,31.1950833125,121.447025,31.19150833,121.446334,31.190932
263,54829,121.446337161,31.1947598205,121.4470083,31.19150167,121.446334,31.190932
264,54830,121.447699323,31.1936190379,121.446995,31.19149833,121.45232,31.193257
265,54831,121.448975286,31.1924314725,121.446995,31.19149833,121.45232,31.193257
266,54831,121.448972574,31.1922784222,121.4469833,31.191495,121.45232,31.193257
267,54832,121.449038027,31.1923567685,121.4469833,31.191495,121.45232,31.193257
268,54832,121.448998118,31.1923021618,121.44697,31.19149333,121.45232,31.193257
269,54833,121.449002002,31.1923249764,121.44697,31.19149333,121.45232,31.193257
270,54833,121.449029869,31.1923551959,121.4469583,31.19148833,121.45232,31.193257
271,54834,121.44898038,31.1923041932,121.4469583,31.19148833,121.45232,31.193257
272,54835,121.44900685,31.1923214209,121.4469467,31.19148167,121.45232,31.193257
273,54835,121.449035099,31.19234698,121.446935,31.19147667,121.45232,31.193257
274,54835,121.449000386,31.1923095548,121.446935,31.19147667,121.45232,31.193257
275,54836,121.447989792,31.1934983651,121.446935,31.19147667,121.45232,31.193257
276,54836,121.446347258,31.1947222789,121.446935,31.19147667,121.446334,31.190932
277,54865,121.44530452,31.195110911,121.4466,31.191225,121.446334,31.190932
278,54865,121.445391754,31.1951306443,121.44659,31.19121333,121.446334,31.190932
279,54866,121.445675152,31.195223671,121.44659,31.19121333,121.446334,31.190932
280,54866,121.445691349,31.1952490651,121.44659,31.19121333,121.446334,31.190932
281,54866,121.445694281,31.1952108595,121.4465783,31.191205,121.446334,31.190932
282,54867,121.44582089,31.1952292159,121.4465683,31.19119833,121.446334,31.190932
283,54868,121.445669614,31.1951808693,121.4465683,31.19119833,121.446334,31.190932
284,54868,121.445620544,31.195209592,121.4465583,31.19119167,121.446334,31.190932
285,54869,121.445804268,31.1952275885,121.4465583,31.19119167,121.446334,31.190932
286,54869,121.445819582,31.1952289287,121.4465483,31.19118667,121.446334,31.190932
287,54870,121.445869189,31.195255578,121.4465483,31.19118667,121.446334,31.190932
288,54870,121.445765166,31.1952392808,121.446535,31.19118,121.446334,31.190932
289,54871,121.445936922,31.1952777397,121.446535,31.19118,121.446334,31.190932
290,54871,121.445807342,31.1952461492,121.446535,31.19118,121.446334,31.190932
291,54872,121.445760725,31.1952208414,121.446525,31.191175,121.446334,31.190932
292,54872,121.445944382,31.1952741077,121.4465133,31.19117,121.446334,31.190932
293,54873,121.445923578,31.1952720332,121.4465133,31.19117,121.446334,31.190932
294,54873,121.445801634,31.1952258868,121.4465,31.19117167,121.446334,31.190932
295,54873,121.445859331,31.1952564519,121.4465,31.19117167,121.446334,31.190932
296,54874,121.445822957,31.1952405052,121.446485,31.19118,121.446334,31.190932
297,54874,121.445826218,31.1952499716,121.446485,31.19118,121.446334,31.190932
298,54875,121.445855842,31.1952729473,121.4464683,31.191185,121.446334,31.190932
299,54875,121.445832933,31.1952401393,121.4464683,31.191185,121.446334,31.190932
300,54876,121.445845497,31.1952438924,121.4464683,31.191185,121.446334,31.190932
301,54876,121.445809837,31.1952414021,121.44645,31.191195,121.446334,31.190932
302,54877,121.445814941,31.195260563,121.44645,31.191195,121.446334,31.190932
303,54877,121.445783435,31.1952422099,121.4464317,31.19120167,121.446334,31.190932
304,54878,121.445840006,31.1952787634,121.4464317,31.19120167,121.446334,31.190932
305,54878,121.445849155,31.195253472,121.4464167,31.19120333,121.446334,31.190932
306,54879,121.445818519,31.1952444238,121.4464167,31.19120333,121.446334,31.190932
307,54879,121.445875867,31.1952592829,121.4464017,31.19120333,121.446334,31.190932
308,54880,121.445829114,31.1952418635,121.4464017,31.19120333,121.446334,31.190932
309,54880,121.445181334,31.1951200614,121.4463883,31.19120333,121.446334,31.190932
310,54882,121.443819802,31.1951184078,121.4463733,31.19120333,121.441761,31.189182
311,54882,121.443015685,31.1950963315,121.4463617,31.19120333,121.441761,31.189182
312,54882,121.443311281,31.1951587857,121.4463617,31.19120333,121.441761,31.189182
313,54883,121.443321932,31.1951273729,121.4463483,31.19120167,121.441761,31.189182
314,54883,121.443391285,31.1951048096,121.4463483,31.19120167,121.441761,31.189182
315,54884,121.443366013,31.1951297537,121.4463333,31.1912,121.441761,31.189182
316,54884,121.443536334,31.1951613733,121.4463333,31.1912,121.441761,31.189182
317,54885,121.443405869,31.1951102351,121.4463217,31.19119667,121.441761,31.189182
318,54885,121.443321537,31.1951253393,121.4463217,31.19119667,121.441761,31.189182
319,54886,121.443065307,31.1951080226,121.4463217,31.19119667,121.441761,31.189182
320,54886,121.443291532,31.1951668642,121.4463117,31.191195,121.441761,31.189182
321,54887,121.443294965,31.1951631104,121.4463117,31.191195,121.441761,31.189182
322,54887,121.443112933,31.1950811457,121.4463017,31.19119,121.441761,31.189182
323,54888,121.443408988,31.1951259121,121.4463017,31.19119,121.441761,31.189182
324,54888,121.443425671,31.1951067067,121.4462867,31.191185,121.441761,31.189182
325,54889,121.443373051,31.1951067941,121.4462867,31.191185,121.441761,31.189182
326,54889,121.443351097,31.1951100168,121.4462667,31.19118,121.441761,31.189182
327,54890,121.443067882,31.1951007938,121.4462667,31.19118,121.441761,31.189182
328,54890,121.443059552,31.1950729694,121.4462533,31.19116167,121.441761,31.189182
329,54891,121.443349941,31.1950834933,121.4462533,31.19116167,121.441761,31.189182
330,54891,121.443134656,31.195054317,121.4462533,31.19116167,121.441761,31.189182
331,54892,121.443111044,31.1950818888,121.4462383,31.19115333,121.441761,31.189182
332,54892,121.44338049,31.1951300051,121.446225,31.19115,121.441761,31.189182
333,54893,121.443388122,31.1951466158,121.446225,31.19115,121.441761,31.189182
334,54893,121.443417997,31.1951447578,121.4462133,31.19114667,121.441761,31.189182
335,54894,121.443394416,31.1951223756,121.4462133,31.19114667,121.441761,31.189182
336,54894,121.443217092,31.1951138713,121.4462,31.19114667,121.441761,31.189182
337,54894,121.44313861,31.1950824785,121.4462,31.19114667,121.441761,31.189182
338,54895,121.44316277,31.195092593,121.4461867,31.191145,121.441761,31.189182
339,54895,121.443291926,31.1951355589,121.4461867,31.191145,121.441761,31.189182
340,54896,121.44329148,31.1951584073,121.4461867,31.191145,121.441761,31.189182
341,54896,121.443350655,31.1951119925,121.4461733,31.19114333,121.441761,31.189182
342,54897,121.443298421,31.1951191521,121.44616,31.19114167,121.441761,31.189182
343,54897,121.443282802,31.1951345319,121.44616,31.19114167,121.441761,31.189182
344,54898,121.443257097,31.1951500547,121.4461467,31.19113667,121.441761,31.189182
345,54898,121.443193399,31.1951348869,121.4461467,31.19113667,121.441761,31.189182
346,54899,121.443325874,31.195094945,121.4461467,31.19113667,121.441761,31.189182
347,54899,121.443354769,31.1951140996,121.446135,31.19113667,121.441761,31.189182
348,54900,121.443131695,31.1951106857,121.446135,31.19113667,121.441761,31.189182
349,54900,121.443178418,31.1950791288,121.4461233,31.19113333,121.441761,31.189182
350,54901,121.443138614,31.1950838194,121.4461233,31.19113333,121.441761,31.189182
351,54901,121.443159242,31.1950646934,121.4461233,31.19113333,121.441761,31.189182
352,54902,121.44319176,31.1950984421,121.4461133,31.19113333,121.441761,31.189182
353,54902,121.443391132,31.1951104677,121.4461017,31.19113167,121.441761,31.189182
354,54903,121.443127765,31.195077518,121.4461017,31.19113167,121.441761,31.189182
355,54903,121.443164695,31.1950568439,121.44609,31.19113,121.441761,31.189182
356,54904,121.443326719,31.1951198504,121.44609,31.19113,121.441761,31.189182
357,54904,121.443159435,31.1950403349,121.4460783,31.19112667,121.441761,31.189182
358,54905,121.443132994,31.1950848204,121.4460783,31.19112667,121.441761,31.189182
359,54905,121.443324749,31.1951471644,121.4460667,31.19112333,121.441761,31.189182
360,54906,121.443097935,31.1951489599,121.4460667,31.19112333,121.441761,31.189182
361,54906,121.443343142,31.1950923418,121.4460667,31.19112333,121.441761,31.189182
362,54906,121.443085459,31.1950993023,121.4460567,31.19112333,121.441761,31.189182
363,54907,121.443099426,31.195108077,121.446045,31.19112,121.441761,31.189182
364,54907,121.44329401,31.1951118236,121.446045,31.19112,121.441761,31.189182
365,54908,121.443302567,31.1951118899,121.446035,31.19111833,121.441761,31.189182
366,54908,121.443076171,31.1951351044,121.446035,31.19111833,121.441761,31.189182
367,54909,121.443062684,31.1951401839,121.4460233,31.19111333,121.441761,31.189182
368,54909,121.443086318,31.1951381131,121.4460233,31.19111333,121.441761,31.189182
369,54910,121.443093355,31.1951017627,121.4460233,31.19111333,121.441761,31.189182
370,54910,121.443118164,31.1950788061,121.4460133,31.19111167,121.441761,31.189182
371,54911,121.443146615,31.1950812673,121.4460133,31.19111167,121.441761,31.189182
372,54911,121.44308499,31.1951414199,121.4460067,31.19110833,121.441761,31.189182
373,54912,121.443099004,31.1951204055,121.4460067,31.19110833,121.441761,31.189182
374,54912,121.443150543,31.195124224,121.445995,31.19110667,121.441761,31.189182
375,54913,121.443113264,31.1951062266,121.445995,31.19110667,121.441761,31.189182
376,54913,121.443143566,31.1951007034,121.4459833,31.19110333,121.441761,31.189182
377,54914,121.44316639,31.1951067154,121.4459833,31.19110333,121.441761,31.189182
378,54914,121.443140554,31.1950832478,121.44597,31.19109833,121.441761,31.189182
379,54915,121.443124644,31.1950947164,121.44597,31.19109833,121.441761,31.189182
380,54915,121.443105541,31.1951139219,121.4459567,31.191095,121.441761,31.189182
381,54916,121.443314434,31.1951325108,121.4459567,31.191095,121.441761,31.189182
382,54916,121.443198794,31.1951262981,121.4459567,31.191095,121.441761,31.189182
383,54917,121.443146286,31.1950978991,121.4459433,31.19109167,121.441761,31.189182
384,54917,121.443147076,31.1950827619,121.4459317,31.19108833,121.441761,31.189182
385,54918,121.443129579,31.1950908543,121.4459317,31.19108833,121.441761,31.189182
386,54918,121.443076508,31.1950909918,121.44592,31.191085,121.441761,31.189182
387,54918,121.443169384,31.1950545611,121.44592,31.191085,121.441761,31.189182
388,54919,121.443188331,31.1951056941,121.4459083,31.19108167,121.441761,31.189182
389,54919,121.44316513,31.1950622672,121.4459083,31.19108167,121.441761,31.189182
390,54920,121.443239863,31.1950729269,121.4458983,31.19108,121.441761,31.189182
391,54920,121.443181685,31.1950605528,121.4458983,31.19108,121.441761,31.189182
392,54921,121.443143893,31.1951144376,121.4458983,31.19108,121.441761,31.189182
393,54921,121.443169153,31.1950827295,121.4458867,31.191075,121.441761,31.189182
394,54922,121.443198784,31.1951210326,121.4458867,31.191075,121.441761,31.189182
395,54922,121.443166745,31.1951085717,121.445875,31.19107333,121.441761,31.189182
396,54923,121.443082992,31.1951076864,121.445875,31.19107333,121.441761,31.189182
397,54923,121.443174886,31.1951224557,121.445865,31.19107,121.441761,31.189182
398,54924,121.443201238,31.1950751968,121.445865,31.19107,121.441761,31.189182
399,54924,121.44328771,31.1951144579,121.4458533,31.191065,121.441761,31.189182
400,54925,121.443191839,31.1950860253,121.4458533,31.191065,121.441761,31.189182
401,54925,121.443336211,31.1951221683,121.4458417,31.19106,121.441761,31.189182
402,54926,121.443122593,31.1950831009,121.4458417,31.19106,121.441761,31.189182
403,54926,121.44312279,31.1951232582,121.4458417,31.19106,121.441761,31.189182
404,54927,121.443140035,31.1950832026,121.4458317,31.19105667,121.441761,31.189182
405,54927,121.443158398,31.1950733647,121.4458167,31.19105167,121.441761,31.189182
406,54928,121.44315624,31.1950904384,121.4458167,31.19105167,121.441761,31.189182
407,54928,121.44318922,31.1951043041,121.4458033,31.19104833,121.441761,31.189182
408,54929,121.443144048,31.1951139071,121.4458033,31.19104833,121.441761,31.189182
409,54929,121.443348676,31.1951276203,121.4457917,31.191045,121.441761,31.189182
410,54930,121.443209438,31.1950973437,121.4457917,31.191045,121.441761,31.189182
411,54930,121.443304898,31.1951519578,121.44578,31.19103833,121.441761,31.189182
412,54930,121.443363229,31.195136291,121.44578,31.19103833,121.441761,31.189182
413,54931,121.443280542,31.1951233168,121.44578,31.19103833,121.441761,31.189182
414,54931,121.443281241,31.1951009906,121.4457683,31.19103167,121.441761,31.189182
415,54932,121.443409873,31.1951177252,121.4457567,31.19102833,121.441761,31.189182
416,54932,121.443207824,31.1950787406,121.4457567,31.19102833,121.441761,31.189182
417,54933,121.443292086,31.1951052636,121.4457433,31.19102167,121.441761,31.189182
418,54933,121.443190229,31.1951327002,121.4457433,31.19102167,121.441761,31.189182
419,54934,121.443258504,31.1951763284,121.4457433,31.19102167,121.441761,31.189182
420,54934,121.443179532,31.1951245027,121.44573,31.19101667,121.441761,31.189182
421,54935,121.443338243,31.1951479827,121.44573,31.19101667,121.441761,31.189182
422,54935,121.443158076,31.1951110299,121.445715,31.19101167,121.441761,31.189182
423,54936,121.443274773,31.1951300629,121.445715,31.19101167,121.441761,31.189182
424,54936,121.443317572,31.1951224522,121.445715,31.19101167,121.441761,31.189182
425,54937,121.443227189,31.1951546522,121.4457,31.19100833,121.441761,31.189182
426,54937,121.443152412,31.1951259076,121.445685,31.191,121.441761,31.189182
427,54938,121.443280639,31.1951909832,121.445685,31.191,121.441761,31.189182
428,54938,121.443138195,31.1950827392,121.44567,31.19099,121.441761,31.189182
429,54939,121.443263548,31.1951254004,121.44567,31.19099,121.441761,31.189182
430,54939,121.44327133,31.1950994904,121.4456533,31.19098167,121.441761,31.189182
431,54940,121.443318633,31.1951260271,121.4456533,31.19098167,121.441761,31.189182
432,54940,121.443369053,31.1951070071,121.4456383,31.190975,121.441761,31.189182
433,54941,121.443393789,31.1950966901,121.4456383,31.190975,121.441761,31.189182
434,54941,121.443165902,31.1950842693,121.4456383,31.190975,121.441761,31.189182
435,54941,121.443354855,31.19515943,121.44562,31.19097,121.441761,31.189182
436,54942,121.443391445,31.195116099,121.4456017,31.19096333,121.441761,31.189182
437,54942,121.443349284,31.1951130515,121.4456017,31.19096333,121.441761,31.189182
438,54943,121.443370992,31.1951208155,121.4455867,31.19096167,121.441761,31.189182
439,54943,121.44338238,31.1950951476,121.4455867,31.19096167,121.441761,31.189182
440,54944,121.443203141,31.1950691899,121.4455717,31.19095667,121.441761,31.189182
441,54944,121.443393633,31.1951270249,121.4455717,31.19095667,121.441761,31.189182
442,54945,121.443358883,31.1951428225,121.4455567,31.19095167,121.441761,31.189182
443,54945,121.443432575,31.1951198576,121.4455567,31.19095167,121.441761,31.189182
444,54946,121.443351594,31.1951120804,121.4455567,31.19095167,121.441761,31.189182
445,54946,121.443385149,31.1951106222,121.4455433,31.19094833,121.441761,31.189182
446,54947,121.443333759,31.1951167439,121.4455433,31.19094833,121.441761,31.189182
447,54947,121.443369951,31.1950998548,121.4455317,31.190945,121.441761,31.189182
448,54948,121.443412334,31.1951128584,121.4455317,31.190945,121.441761,31.189182
449,54948,121.443413267,31.195135138,121.4455217,31.19094333,121.441761,31.189182
450,54949,121.443344239,31.1951174567,121.4455217,31.19094333,121.441761,31.189182
451,54949,121.443275214,31.1950843072,121.4455083,31.19093667,121.441761,31.189182
452,54950,121.443399195,31.1951101675,121.4455083,31.19093667,121.441761,31.189182
453,54950,121.443282316,31.1950795962,121.4454967,31.19093167,121.441761,31.189182
454,54951,121.443150445,31.1951300303,121.4454967,31.19093167,121.441761,31.189182
455,54951,121.443245577,31.1951230343,121.4454967,31.19093167,121.441761,31.189182
456,54952,121.443200315,31.1950565478,121.445485,31.19092667,121.441761,31.189182
457,54952,121.443242791,31.1951299928,121.4454717,31.19091833,121.441761,31.189182
458,54953,121.443181633,31.1951203459,121.4454717,31.19091833,121.441761,31.189182
459,54953,121.44341841,31.1951482702,121.44546,31.19091333,121.441761,31.189182
460,54954,121.443292795,31.1950927218,121.44546,31.19091333,121.441761,31.189182
461,54954,121.443185744,31.1951181285,121.445445,31.19090833,121.441761,31.189182
462,54954,121.4431419,31.1951184633,121.445445,31.19090833,121.441761,31.189182
463,54955,121.443122464,31.1951037131,121.4454333,31.19090333,121.441761,31.189182
464,54955,121.443172039,31.1951100468,121.4454333,31.19090333,121.441761,31.189182
465,54956,121.443200705,31.1950934577,121.4454333,31.19090333,121.441761,31.189182
466,54956,121.443202891,31.1951054819,121.4454233,31.19089833,121.441761,31.189182
467,54957,121.443391213,31.1951069435,121.4454083,31.19089167,121.441761,31.189182
468,54957,121.443286998,31.1950893185,121.4454083,31.19089167,121.441761,31.189182
469,54958,121.443179353,31.1950725281,121.4454083,31.19089167,121.441761,31.189182
470,54958,121.443373802,31.1951201865,121.445395,31.19088667,121.441761,31.189182
471,54959,121.443365271,31.1951275222,121.445395,31.19088667,121.441761,31.189182
472,54959,121.443335726,31.1951353353,121.4453817,31.19088167,121.441761,31.189182
473,54960,121.443287684,31.1951368163,121.4453817,31.19088167,121.441761,31.189182
474,54960,121.443384934,31.1951745623,121.4453683,31.190875,121.441761,31.189182
475,54961,121.44335863,31.1951099406,121.4453683,31.190875,121.441761,31.189182
476,54961,121.443221896,31.1951095889,121.4453683,31.190875,121.441761,31.189182
477,54962,121.443275474,31.1951480999,121.4453533,31.19086833,121.441761,31.189182
478,54962,121.443269825,31.1951412411,121.44534,31.19085833,121.441761,31.189182
479,54963,121.443187545,31.1950972131,121.44534,31.19085833,121.441761,31.189182
480,54963,121.443247016,31.1951098878,121.445325,31.19085167,121.441761,31.189182
481,54964,121.443185605,31.1951304223,121.445325,31.19085167,121.441761,31.189182
482,54964,121.443332953,31.1951284013,121.44531,31.190845,121.441761,31.189182
483,54965,121.443339816,31.195120181,121.44531,31.190845,121.441761,31.189182
484,54965,121.4432246,31.1951721136,121.4452933,31.19084167,121.441761,31.189182
485,54965,121.443186115,31.1951207893,121.4452933,31.19084167,121.441761,31.189182
486,54966,121.443197324,31.1951224463,121.4452933,31.19084167,121.441761,31.189182
487,54966,121.443332466,31.1951148258,121.4452783,31.19084167,121.441761,31.189182
488,54967,121.443219276,31.1950772795,121.4452633,31.19084,121.441761,31.189182
489,54967,121.443151616,31.1951217795,121.4452633,31.19084,121.441761,31.189182
490,54968,121.443232879,31.1951366937,121.4452467,31.19083833,121.441761,31.189182
491,54968,121.443212249,31.1950964414,121.4452467,31.19083833,121.441761,31.189182
492,54969,121.44316883,31.1951106358,121.44523,31.19083833,121.441761,31.189182
493,54969,121.443284067,31.1951518181,121.44523,31.19083833,121.441761,31.189182
494,54970,121.443397435,31.1951783638,121.44523,31.19083833,121.441761,31.189182
495,54970,121.443198966,31.1950791844,121.4452067,31.19083667,121.441761,31.189182
496,54971,121.443164027,31.1951382033,121.4452067,31.19083667,121.441761,31.189182
497,54971,121.443241796,31.1951355622,121.4452067,31.19083667,121.441761,31.189182
498,54972,121.443211168,31.1950932716,121.4451917,31.19083333,121.441761,31.189182
499,54972,121.443264068,31.1951104035,121.4451767,31.19083,121.441761,31.189182
500,54973,121.443272558,31.1950636554,121.4451767,31.19083,121.441761,31.189182
501,54973,121.44340189,31.1950648203,121.4451633,31.19082667,121.441761,31.189182
502,54974,121.443187332,31.1950376449,121.4451633,31.19082667,121.441761,31.189182
503,54974,121.443227434,31.1950716558,121.4451517,31.19082167,121.441761,31.189182
504,54975,121.443226805,31.1951395893,121.4451517,31.19082167,121.441761,31.189182
505,54975,121.443134401,31.1951458161,121.4451417,31.19081667,121.441761,31.189182
506,54976,121.443214033,31.1951209959,121.4451417,31.19081667,121.441761,31.189182
507,54976,121.443227528,31.1951139087,121.4451417,31.19081667,121.441761,31.189182
508,54977,121.443255258,31.195127945,121.4451317,31.19081167,121.441761,31.189182
509,54977,121.443194338,31.1950581528,121.4451183,31.19080667,121.441761,31.189182
510,54978,121.44334892,31.1951721168,121.4451183,31.19080667,121.441761,31.189182
511,54978,121.443316961,31.1951576347,121.445105,31.19080167,121.441761,31.189182
512,54978,121.443423886,31.1951345247,121.445105,31.19080167,121.441761,31.189182
513,54979,121.443353043,31.1950671534,121.44509,31.19079833,121.441761,31.189182
514,54979,121.44334917,31.1950092503,121.44509,31.19079833,121.441761,31.189182
515,54980,121.443470795,31.1950096983,121.4450767,31.190795,121.441761,31.189182
516,54980,121.443413047,31.1950250525,121.4450767,31.190795,121.441761,31.189182
517,54981,121.443372402,31.1950132518,121.4450767,31.190795,121.441761,31.189182
518,54981,121.443398954,31.1949925751,121.4450667,31.19078667,121.441761,31.189182
519,54982,121.443454543,31.1950265497,121.4450667,31.19078667,121.441761,31.189182
520,54982,121.443437655,31.1950681507,121.445055,31.19078,121.441761,31.189182
521,54983,121.443410527,31.195127284,121.445055,31.19078,121.441761,31.189182
522,54983,121.44344027,31.1951173986,121.4450433,31.19077333,121.441761,31.189182
523,54984,121.44333868,31.1950195983,121.4450433,31.19077333,121.441761,31.189182
524,54984,121.443263007,31.1950639227,121.44503,31.19076833,121.441761,31.189182
525,54985,121.443206982,31.1950068438,121.44503,31.19076833,121.441761,31.189182
526,54985,121.443238793,31.1950987116,121.4450167,31.19076333,121.441761,31.189182
527,54986,121.443353769,31.1951248739,121.4450167,31.19076333,121.441761,31.189182
528,54986,121.443356061,31.1950977556,121.4450167,31.19076333,121.441761,31.189182
529,54987,121.443357521,31.1951125514,121.4450017,31.19075833,121.441761,31.189182
530,54987,121.443439296,31.1951155005,121.4449883,31.19075333,121.441761,31.189182
531,54988,121.443276026,31.1951308411,121.4449883,31.19075333,121.441761,31.189182
532,54988,121.443313043,31.1951285001,121.4449733,31.19074667,121.441761,31.189182
533,54989,121.443352236,31.1951075149,121.4449733,31.19074667,121.441761,31.189182
534,54989,121.443272996,31.1951069788,121.4449567,31.190745,121.441761,31.189182
535,54990,121.443355404,31.1951489214,121.4449567,31.190745,121.441761,31.189182
536,54990,121.443397717,31.1951560351,121.4449417,31.19074167,121.441761,31.189182
537,54990,121.443283156,31.1951334321,121.4449417,31.19074167,121.441761,31.189182
538,54991,121.443282735,31.1950972356,121.4449417,31.19074167,121.441761,31.189182
539,54991,121.44328296,31.1951488867,121.4449267,31.19074,121.441761,31.189182
540,54992,121.44326527,31.1951459301,121.4449133,31.190735,121.441761,31.189182
541,54992,121.443293671,31.1951427694,121.4449133,31.190735,121.441761,31.189182
542,54993,121.443278564,31.1951509386,121.4449,31.19073,121.441761,31.189182
543,54993,121.443392016,31.1951785826,121.4449,31.19073,121.441761,31.189182
544,54994,121.44339122,31.1951364093,121.4449,31.19073,121.441761,31.189182
545,54994,121.443444282,31.1951302496,121.444885,31.19072333,121.441761,31.189182
546,54995,121.443422347,31.19507831,121.444885,31.19072333,121.441761,31.189182
547,54995,121.443347613,31.1950408909,121.4448617,31.19071667,121.441761,31.189182
548,54996,121.443537511,31.1951153758,121.4448617,31.19071667,121.441761,31.189182
549,54996,121.44343309,31.1950394907,121.4448617,31.19071667,121.441761,31.189182
550,54997,121.443409515,31.1950276812,121.4448433,31.19071333,121.441761,31.189182
551,54997,121.443413541,31.1950647402,121.4448267,31.19070667,121.441761,31.189182
552,54998,121.443429933,31.1950609544,121.4448267,31.19070667,121.441761,31.189182
553,54998,121.44334872,31.1951306116,121.4448117,31.19069833,121.441761,31.189182
554,54999,121.443430181,31.1951132301,121.4448117,31.19069833,121.441761,31.189182
555,54999,121.443481296,31.1950618413,121.4447983,31.19068667,121.441761,31.189182
556,55000,121.443362005,31.1950026273,121.4447983,31.19068667,121.441761,31.189182
557,55000,121.443430756,31.1950168245,121.444785,31.19067667,121.441761,31.189182
558,55001,121.443315783,31.1950293926,121.444785,31.19067667,121.441761,31.189182
559,55001,121.443409537,31.1950356818,121.444785,31.19067667,121.441761,31.189182
560,55002,121.443349046,31.1949908665,121.4447733,31.19066,121.441761,31.189182
561,55002,121.443329176,31.1950131634,121.444765,31.19063667,121.441761,31.189182
562,55002,121.443304921,31.1950201208,121.444765,31.19063667,121.441761,31.189182
563,55003,121.443197793,31.195064945,121.4447517,31.19063667,121.441761,31.189182
564,55003,121.443274104,31.1950366274,121.4447517,31.19063667,121.441761,31.189182
565,55004,121.443293733,31.1950259915,121.4447367,31.190635,121.441761,31.189182
566,55004,121.443370456,31.1950120071,121.4447367,31.190635,121.441761,31.189182
567,55005,121.443278381,31.1949942242,121.4447233,31.19063167,121.441761,31.189182
568,55005,121.443341974,31.1949906277,121.4447233,31.19063167,121.441761,31.189182
569,55006,121.443283727,31.1950271618,121.4447233,31.19063167,121.441761,31.189182
570,55006,121.443270927,31.1950537417,121.44471,31.19062667,121.441761,31.189182
571,55007,121.443387814,31.1950672049,121.44471,31.19062667,121.441761,31.189182
572,55007,121.443271675,31.1951629488,121.4446967,31.19062167,121.441761,31.189182
573,55008,121.443383675,31.1951418872,121.4446967,31.19062167,121.441761,31.189182
574,55008,121.443385212,31.1951628776,121.4446833,31.19061667,121.441761,31.189182
575,55009,121.443412313,31.1951127896,121.4446833,31.19061667,121.441761,31.189182
576,55009,121.443373819,31.1951167902,121.44467,31.19061667,121.441761,31.189182
577,55010,121.443236524,31.1950547839,121.44467,31.19061667,121.441761,31.189182
578,55010,121.443210307,31.1951487255,121.444655,31.19061333,121.441761,31.189182
579,55011,121.443221435,31.1951185366,121.444655,31.19061333,121.441761,31.189182
580,55011,121.443357396,31.1951555286,121.444655,31.19061333,121.441761,31.189182
581,55012,121.443244598,31.1951228596,121.4446417,31.19061,121.441761,31.189182
582,55012,121.443316777,31.1951414163,121.4446267,31.19060833,121.441761,31.189182
583,55013,121.443378515,31.19497815,121.4446267,31.19060833,121.441761,31.189182
584,55013,121.443200393,31.1950224248,121.4446117,31.19060667,121.441761,31.189182
585,55013,121.443272366,31.1950019679,121.4446117,31.19060667,121.441761,31.189182
586,55014,121.443518395,31.1950887432,121.4445983,31.190605,121.441761,31.189182
587,55014,121.443333803,31.1950462441,121.4445983,31.190605,121.441761,31.189182
588,55015,121.443256203,31.1950784006,121.4445817,31.190605,121.441761,31.189182
589,55015,121.44326021,31.1951140777,121.4445817,31.190605,121.441761,31.189182
590,55016,121.443377773,31.1950789791,121.4445817,31.190605,121.441761,31.189182
591,55016,121.443451347,31.1951166184,121.4445683,31.19060167,121.441761,31.189182
592,55017,121.443498408,31.1950885869,121.444555,31.1906,121.441761,31.189182
593,55017,121.443534652,31.1950700733,121.444555,31.1906,121.441761,31.189182
594,55018,121.443556358,31.1949749796,121.444555,31.1906,121.441761,31.189182
595,55018,121.443527498,31.1949692181,121.4445433,31.19059667,121.441761,31.189182
596,55019,121.443387546,31.1950249735,121.4445433,31.19059667,121.441761,31.189182
597,55019,121.443383714,31.1951121772,121.4445283,31.19060333,121.441761,31.189182
598,55020,121.443451988,31.195155604,121.4445283,31.19060333,121.441761,31.189182
599,55020,121.443315181,31.1951203508,121.4445133,31.19060667,121.441761,31.189182
600,55021,121.443413612,31.1951288572,121.4445133,31.19060667,121.441761,31.189182
601,55021,121.443238698,31.1950639478,121.4445133,31.19060667,121.441761,31.189182
602,55022,121.44340011,31.1951398221,121.4444967,31.190625,121.441761,31.189182
603,55022,121.443350967,31.1951518118,121.44448,31.19064667,121.441761,31.189182
604,55023,121.443262348,31.1951102404,121.44448,31.19064667,121.441761,31.189182
605,55023,121.443141608,31.1951507047,121.4444633,31.190665,121.441761,31.189182
606,55024,121.443183242,31.195134804,121.4444633,31.190665,121.441761,31.189182
607,55024,121.443222979,31.1950864037,121.4444467,31.19068167,121.441761,31.189182
608,55025,121.443192535,31.1951009748,121.4444467,31.19068167,121.441761,31.189182
609,55025,121.443256826,31.1951292178,121.4444333,31.190695,121.441761,31.189182
610,55026,121.443345887,31.1951447613,121.4444333,31.190695,121.441761,31.189182
611,55026,121.443323875,31.1950861435,121.4444333,31.190695,121.441761,31.189182
612,55026,121.443377018,31.1951137917,121.4444183,31.19070667,121.441761,31.189182
613,55027,121.44334398,31.1951194655,121.4444017,31.19071833,121.441761,31.189182
614,55027,121.443354487,31.1951295211,121.4444017,31.19071833,121.441761,31.189182
615,55028,121.443287299,31.1951577831,121.4443867,31.19072667,121.441761,31.189182
616,55028,121.443262598,31.1951674059,121.4443867,31.19072667,121.441761,31.189182
617,55029,121.4432557,31.1951412266,121.444375,31.19073333,121.441761,31.189182
618,55029,121.443144834,31.1950979545,121.444375,31.19073333,121.441761,31.189182
619,55030,121.443103167,31.1951120584,121.444375,31.19073333,121.441761,31.189182
620,55030,121.443117362,31.1951728454,121.4443633,31.19073833,121.441761,31.189182
621,55031,121.443121918,31.19514703,121.4443633,31.19073833,121.441761,31.189182
622,55031,121.443143109,31.1951652832,121.4443517,31.190745,121.441761,31.189182
623,55032,121.443134673,31.1952235337,121.4443517,31.190745,121.441761,31.189182
624,55032,121.443118089,31.1952235025,121.4443417,31.19074667,121.441761,31.189182
625,55033,121.443156132,31.1951168756,121.4443417,31.19074667,121.441761,31.189182
626,55033,121.443177564,31.195143493,121.4443333,31.19075,121.441761,31.189182
627,55034,121.44316219,31.195117931,121.4443333,31.19075,121.441761,31.189182
628,55034,121.44309483,31.1950703058,121.4443283,31.19075667,121.441761,31.189182
629,55035,121.443165547,31.1951004725,121.4443283,31.19075667,121.441761,31.189182
630,55035,121.443060314,31.1950845222,121.4443233,31.19076167,121.441761,31.189182
631,55036,121.443051233,31.1951167965,121.4443233,31.19076167,121.441761,31.189182
632,55036,121.443044957,31.1950868245,121.4443233,31.19076167,121.441761,31.189182
633,55037,121.443045101,31.195089036,121.444315,31.190765,121.441761,31.189182
634,55037,121.44319539,31.1951232674,121.44431,31.19076833,121.441761,31.189182
635,55038,121.443031418,31.1951038616,121.44431,31.19076833,121.441761,31.189182
636,55038,121.443132144,31.1950877001,121.4443033,31.19077333,121.441761,31.189182
637,55038,121.44302253,31.1951230032,121.4443033,31.19077333,121.441761,31.189182
638,55039,121.443178742,31.1950749489,121.4442967,31.19077833,121.441761,31.189182
639,55039,121.443014466,31.1950747456,121.4442967,31.19077833,121.441761,31.189182
640,55040,121.443051604,31.1951232872,121.44429,31.19078333,121.441761,31.189182
641,55040,121.443081678,31.1951245792,121.44429,31.19078333,121.441761,31.189182
642,55041,121.4431064,31.1950394559,121.44429,31.19078333,121.441761,31.189182
643,55041,121.443120342,31.1950561329,121.4442817,31.19079,121.441761,31.189182
644,55042,121.443036348,31.1950992825,121.4442817,31.19079,121.441761,31.189182
645,55042,121.443039721,31.19511197,121.444275,31.190795,121.441761,31.189182
646,55043,121.443042633,31.1950872828,121.444275,31.190795,121.441761,31.189182
647,55043,121.443016606,31.1951040575,121.4442683,31.19080167,121.441761,31.189182
648,55044,121.443029888,31.1950974732,121.4442683,31.19080167,121.441761,31.189182
649,55044,121.443031877,31.1950981468,121.4442617,31.19080833,121.441761,31.189182
650,55045,121.443060148,31.1950667045,121.4442617,31.19080833,121.441761,31.189182
651,55045,121.443019691,31.1951286364,121.444255,31.19081667,121.441761,31.189182
652,55046,121.44300381,31.1950837438,121.444255,31.19081667,121.441761,31.189182
653,55046,121.442999017,31.1951223479,121.444255,31.19081667,121.441761,31.189182
654,55047,121.443042272,31.1950578892,121.4442467,31.190825,121.441761,31.189182
655,55047,121.443035302,31.1951180361,121.44424,31.19083333,121.441761,31.189182
656,55048,121.443043317,31.1951118737,121.44424,31.19083333,121.441761,31.189182
657,55049,121.443112173,31.1950814798,121.4442317,31.19084,121.441761,31.189182
658,55049,121.443034527,31.1950773898,121.4442317,31.19084,121.441761,31.189182
659,55049,121.443020476,31.1950814139,121.4442233,31.19084833,121.441761,31.189182
660,55078,121.443138972,31.1950821785,121.4439967,31.19112167,121.441761,31.189182
661,55079,121.443111302,31.1950407311,121.4439967,31.19112167,121.441761,31.189182
662,55079,121.443046531,31.1950655603,121.44399,31.19112833,121.441761,31.189182
663,55080,121.44297725,31.1950542797,121.44399,31.19112833,121.441761,31.189182
664,55081,121.443115567,31.1950963953,121.4439817,31.19113,121.441761,31.189182
665,55081,121.443093302,31.1950965948,121.4439717,31.191135,121.441761,31.189182
666,55082,121.443030188,31.1950886656,121.4439717,31.191135,121.441761,31.189182
667,55082,121.443025988,31.1950637203,121.443965,31.191145,121.441761,31.189182
668,55083,121.443012286,31.195072906,121.443965,31.191145,121.441761,31.189182
669,55083,121.443083173,31.1950922291,121.4439617,31.19115667,121.441761,31.189182
670,55084,121.443002404,31.1950415298,121.4439617,31.19115667,121.441761,31.189182
671,55084,121.443003253,31.1950407589,121.443955,31.191165,121.441761,31.189182
672,55085,121.443024345,31.1950881716,121.443955,31.191165,121.441761,31.189182
673,55085,121.443701677,31.1951105919,121.443945,31.19117,121.441761,31.189182
674,55086,121.444834398,31.1950193233,121.443945,31.19117,121.446334,31.190932
675,55087,121.445184094,31.1950054708,121.44393,31.19117833,121.446334,31.190932
676,55087,121.445110128,31.1948824821,121.4439067,31.19119,121.446334,31.190932
677,55088,121.445095143,31.1948997768,121.4439067,31.19119,121.446334,31.190932
678,55088,121.445036648,31.1949633572,121.44387,31.19119833,121.446334,31.190932
679,55089,121.444971535,31.1948768068,121.44387,31.19119833,121.446334,31.190932
680,55089,121.445116019,31.194865137,121.4438667,31.19120833,121.446334,31.190932
681,55090,121.445106298,31.194928621,121.4438667,31.19120833,121.446334,31.190932
682,55090,121.444926888,31.1948850092,121.4438733,31.191215,121.446334,31.190932
683,55090,121.445038583,31.1948973377,121.4438733,31.191215,121.446334,31.190932
684,55091,121.445011633,31.1949151568,121.4438733,31.191215,121.446334,31.190932
685,55092,121.444923954,31.1948781713,121.44391,31.19122833,121.446334,31.190932
686,55092,121.445058267,31.1948791793,121.44386,31.19124833,121.446334,31.190932
687,55092,121.445029305,31.1949445845,121.44386,31.19124833,121.446334,31.190932
688,55093,121.445007797,31.1949365585,121.4438417,31.19126,121.446334,31.190932
689,55093,121.445026546,31.1948891924,121.4438417,31.19126,121.446334,31.190932
690,55094,121.444880563,31.1948286825,121.4438417,31.19126,121.446334,31.190932
691,55094,121.445010287,31.1949066845,121.4438317,31.19126833,121.446334,31.190932
692,55095,121.445008759,31.1949076854,121.4438317,31.19126833,121.446334,31.190932
693,55095,121.444888809,31.1948416324,121.44382,31.19127667,121.446334,31.190932
694,55096,121.444950391,31.1948546624,121.44382,31.19127667,121.446334,31.190932
695,55096,121.445009796,31.1948819581,121.44382,31.19127667,121.446334,31.190932
696,55097,121.445033612,31.194899233,121.4438067,31.19128167,121.446334,31.190932
697,55097,121.444924727,31.1948857117,121.4437933,31.191285,121.446334,31.190932
698,55098,121.445060901,31.1948618057,121.4437933,31.191285,121.446334,31.190932
699,55098,121.444921043,31.1949043792,121.4437817,31.19128833,121.446334,31.190932
700,55099,121.44489094,31.1949035221,121.4437817,31.19128833,121.446334,31.190932
701,55099,121.445065122,31.1948985286,121.4437667,31.19129,121.446334,31.190932
702,55100,121.445070579,31.1948408364,121.4437667,31.19129,121.446334,31.190932
703,55100,121.444988622,31.1949122464,121.4437533,31.191295,121.446334,31.190932
704,55101,121.445043771,31.1949073756,121.4437533,31.191295,121.446334,31.190932
705,55101,121.444863632,31.1948877157,121.4437533,31.191295,121.446334,31.190932
706,55102,121.445055892,31.1949118557,121.4437433,31.19129833,121.446334,31.190932
707,55102,121.44491083,31.1948679071,121.4437317,31.19130333,121.446334,31.190932
708,55103,121.444970887,31.1949051433,121.4437317,31.19130333,121.446334,31.190932
709,55103,121.445012441,31.1948661875,121.4437183,31.19130833,121.446334,31.190932
710,55103,121.444970658,31.1949364482,121.4437183,31.19130833,121.446334,31.190932
711,55104,121.445006676,31.1948954946,121.4437,31.191315,121.446334,31.190932
712,55104,121.445104983,31.194859846,121.4437,31.191315,121.446334,31.190932
713,55105,121.445066667,31.1949433645,121.4436833,31.191325,121.446334,31.190932
714,55105,121.445038372,31.1948831995,121.4436833,31.191325,121.446334,31.190932
715,55106,121.444922242,31.1948659059,121.4436833,31.191325,121.446334,31.190932
716,55106,121.44506665,31.1948464615,121.4436683,31.19133333,121.446334,31.190932
717,55107,121.445023889,31.1949362871,121.4436683,31.19133333,121.446334,31.190932
718,55107,121.445004566,31.194911028,121.4436583,31.19134,121.446334,31.190932
719,55108,121.44512332,31.1949239506,121.4436583,31.19134,121.446334,31.190932
720,55108,121.444935205,31.1948846021,121.44365,31.19134333,121.446334,31.190932
721,55109,121.444929012,31.1948726838,121.44365,31.19134333,121.446334,31.190932
722,55109,121.445007332,31.1948846598,121.4436433,31.19134833,121.446334,31.190932
723,55110,121.444967012,31.1949333717,121.4436433,31.19134833,121.446334,31.190932
724,55110,121.445055693,31.1949542923,121.44363,31.19135667,121.446334,31.190932
725,55111,121.445012994,31.1949447778,121.44363,31.19135667,121.446334,31.190932
726,55111,121.445005566,31.1949218552,121.44363,31.19135667,121.446334,31.190932
727,55112,121.445067599,31.1948828859,121.443625,31.19136,121.446334,31.190932
728,55112,121.445050315,31.1948389661,121.443625,31.19136,121.446334,31.190932
729,55113,121.445034174,31.1948941929,121.443625,31.19136,121.446334,31.190932
730,55113,121.445069492,31.1949036245,121.4436233,31.19136167,121.446334,31.190932
731,55114,121.445081344,31.194897496,121.4436233,31.19136167,121.446334,31.190932
732,55114,121.444989102,31.1948526043,121.4436167,31.19136667,121.446334,31.190932
733,55114,121.444907925,31.1948733893,121.4436167,31.19136667,121.446334,31.190932
734,55115,121.44506329,31.1948901701,121.4436083,31.19136667,121.446334,31.190932
735,55115,121.445012904,31.1949218064,121.4436083,31.19136667,121.446334,31.190932
736,55116,121.444999449,31.1949452403,121.4436083,31.19136667,121.446334,31.190932
737,55116,121.44502733,31.1949530772,121.4436,31.19137,121.446334,31.190932
738,55117,121.445032948,31.1949509144,121.4435883,31.19138333,121.446334,31.190932
739,55117,121.445033382,31.1949462397,121.4435883,31.19138333,121.446334,31.190932
740,55118,121.444929131,31.1949024971,121.4435883,31.19138333,121.446334,31.190932
741,55118,121.445007329,31.1949337895,121.4435783,31.19139833,121.446334,31.190932
742,55119,121.445047137,31.1948865053,121.4435783,31.19139833,121.446334,31.190932
743,55119,121.444986213,31.1949019261,121.44357,31.19141167,121.446334,31.190932
744,55120,121.444930377,31.1948728628,121.44357,31.19141167,121.446334,31.190932
745,55120,121.444862525,31.1948698309,121.4435583,31.19142833,121.446334,31.190932
746,55121,121.444968048,31.1948531305,121.4435583,31.19142833,121.446334,31.190932
747,55121,121.445058358,31.194904702,121.4435583,31.19142833,121.446334,31.190932
748,55122,121.444912561,31.1948745645,121.4435517,31.19144,121.446334,31.190932
749,55122,121.444953321,31.1948812485,121.4435433,31.19144667,121.446334,31.190932
750,55123,121.444869914,31.1948630977,121.4435433,31.19144667,121.446334,31.190932
751,55123,121.444864432,31.194875246,121.4435333,31.19149167,121.446334,31.190932
752,55124,121.445065443,31.1949268518,121.4435333,31.19149167,121.446334,31.190932
753,55124,121.445016541,31.1948743359,121.4435283,31.191515,121.446334,31.190932
754,55125,121.444891116,31.194857819,121.4435283,31.191515,121.446334,31.190932
755,55125,121.445086595,31.1949318839,121.4435267,31.191525,121.446334,31.190932
756,55126,121.444965149,31.1948612753,121.4435267,31.191525,121.446334,31.190932
757,55126,121.44497922,31.19488532,121.4435267,31.191525,121.446334,31.190932
758,55126,121.44494705,31.1948660273,121.4435333,31.19153,121.446334,31.190932
759,55127,121.445079644,31.1949280307,121.4435433,31.191535,121.446334,31.190932
760,55127,121.445059952,31.1949106737,121.4435433,31.191535,121.446334,31.190932
761,55128,121.444911939,31.1948633674,121.4435517,31.19153833,121.446334,31.190932
762,55128,121.444833494,31.194878571,121.4435517,31.19153833,121.446334,31.190932
763,55129,121.444949425,31.1948708718,121.443555,31.19154333,121.446334,31.190932
764,55129,121.444958761,31.194890299,121.443555,31.19154333,121.446334,31.190932
765,55130,121.444850876,31.1948764878,121.443555,31.19154333,121.446334,31.190932
766,55130,121.444918095,31.1948632429,121.4435533,31.19155667,121.446334,31.190932
767,55131,121.444926975,31.1948451123,121.4435533,31.19155667,121.446334,31.190932
768,55131,121.444831652,31.1948673686,121.4435467,31.19157333,121.446334,31.190932
769,55132,121.444943383,31.1948589514,121.4435467,31.19157333,121.446334,31.190932
770,55132,121.44492717,31.1948586797,121.4435433,31.19158833,121.446334,31.190932
771,55133,121.444934594,31.1948857294,121.4435433,31.19158833,121.446334,31.190932
772,55133,121.444813104,31.194882683,121.4435383,31.191605,121.446334,31.190932
773,55134,121.444868673,31.1948209638,121.4435383,31.191605,121.446334,31.190932
774,55134,121.445045065,31.1948889677,121.4435317,31.19162333,121.446334,31.190932
775,55135,121.444893812,31.1948224807,121.4435317,31.19162333,121.446334,31.190932
776,55135,121.444942648,31.194872626,121.4435233,31.19164,121.446334,31.190932
777,55136,121.444887037,31.1948317347,121.4435233,31.19164,121.446334,31.190932
778,55136,121.444962627,31.194876639,121.4435233,31.19164,121.446334,31.190932
779,55137,121.44496141,31.1948913011,121.4435183,31.191655,121.446334,31.190932
780,55137,121.44507144,31.1949163758,121.443515,31.19166833,121.446334,31.190932
781,55138,121.445166973,31.1949475232,121.443515,31.19166833,121.446334,31.190932
782,55138,121.445081985,31.1949510643,121.4435133,31.19168,121.446334,31.190932
783,55138,121.444944653,31.1948494532,121.4435133,31.19168,121.446334,31.190932
784,55139,121.44491045,31.1948510324,121.4435083,31.19169167,121.446334,31.190932
785,55139,121.444920573,31.1948357989,121.4435083,31.19169167,121.446334,31.190932
786,55140,121.444939238,31.1948600305,121.443505,31.191705,121.446334,31.190932
787,55140,121.444959538,31.1949154857,121.443505,31.191705,121.446334,31.190932
788,55141,121.444546182,31.1952912989,121.443505,31.191705,121.446334,31.190932
789,55143,121.44401661,31.1957483479,121.44349,31.19173667,121.444281,31.192921
790,55143,121.443680407,31.1958490183,121.443485,31.19175167,121.444281,31.192921
791,55143,121.44359726,31.1958702558,121.443485,31.19175167,121.444281,31.192921
792,55144,121.443617827,31.1958967357,121.4434817,31.19176333,121.444281,31.192921
793,55144,121.443592486,31.1959977397,121.4434817,31.19176333,121.444281,31.192921
794,55145,121.443536124,31.1960542206,121.44348,31.19177167,121.444281,31.192921
795,55145,121.44354153,31.1960683383,121.44348,31.19177167,121.444281,31.192921
796,55146,121.443608114,31.1958963009,121.44348,31.19177167,121.444281,31.192921
797,55146,121.443614805,31.1958690862,121.44348,31.19177667,121.444281,31.192921
798,55147,121.443620024,31.1958200699,121.44348,31.19177667,121.444281,31.192921
799,55147,121.443591628,31.1958636853,121.4434783,31.19178333,121.444281,31.192921
800,55148,121.443602004,31.1958501211,121.4434783,31.19178333,121.444281,31.192921
801,55148,121.443622875,31.1958880678,121.44348,31.19178833,121.444281,31.192921
802,55149,121.443586795,31.1958739778,121.44348,31.19178833,121.444281,31.192921
803,55149,121.44361371,31.1958727702,121.4434833,31.19179333,121.444281,31.192921
804,55150,121.443609514,31.1958756963,121.4434833,31.19179333,121.444281,31.192921
805,55150,121.443654707,31.1959404441,121.4434917,31.191795,121.444281,31.192921
806,55151,121.443627735,31.19592266,121.4434917,31.191795,121.444281,31.192921
807,55151,121.443613755,31.1958738882,121.4434917,31.191795,121.444281,31.192921
808,55152,121.443633865,31.195901304,121.4434983,31.19179833,121.444281,31.192921
809,55152,121.443613605,31.1960241824,121.443505,31.19180167,121.444281,31.192921
810,55153,121.443655183,31.1959019874,121.443505,31.19180167,121.444281,31.192921
811,55153,121.443666419,31.1959050045,121.4435083,31.19180833,121.444281,31.192921
812,55154,121.443613152,31.1959357738,121.4435083,31.19180833,121.444281,31.192921
813,55154,121.4436399,31.1958988847,121.4435067,31.191815,121.444281,31.192921
814,55155,121.443627553,31.195901561,121.4435067,31.191815,121.444281,31.192921
815,55155,121.443613678,31.1958794843,121.4435083,31.19181667,121.444281,31.192921
816,55155,121.443585264,31.1958669845,121.4435083,31.19181667,121.444281,31.192921
817,55156,121.443595113,31.1958699167,121.4435083,31.19181667,121.444281,31.192921
818,55156,121.443639783,31.1958467015,121.4435067,31.19182,121.444281,31.192921
819,55157,121.443637921,31.1958590325,121.4435067,31.19182833,121.444281,31.192921
820,55157,121.44360557,31.1959550263,121.4435067,31.19182833,121.444281,31.192921
821,55158,121.443615442,31.1959282857,121.4435067,31.191835,121.444281,31.192921
822,55158,121.443678088,31.1958899964,121.4435067,31.191835,121.444281,31.192921
823,55159,121.44357468,31.1959298797,121.4435067,31.191835,121.444281,31.192921
824,55159,121.4435776,31.1959926193,121.443505,31.19184667,121.444281,31.192921
825,55160,121.443625719,31.1961104595,121.443505,31.19184667,121.444281,31.192921
826,55160,121.443597789,31.1960304034,121.4434983,31.19186,121.444281,31.192921
827,55161,121.443525193,31.1959370834,121.4434983,31.19186,121.444281,31.192921
828,55161,121.443639974,31.1959017949,121.4434983,31.19186,121.444281,31.192921
829,55162,121.443604694,31.1958212985,121.4434867,31.191875,121.444281,31.192921
830,55162,121.443695042,31.1958619425,121.44348,31.19188667,121.444281,31.192921
831,55163,121.443598448,31.195886298,121.44348,31.19188667,121.444281,31.192921
832,55163,121.443609831,31.1958180554,121.4434733,31.19189667,121.444281,31.192921
833,55164,121.44372213,31.1958818379,121.4434733,31.19189667,121.444281,31.192921
834,55164,121.443576465,31.1958561716,121.4434633,31.19191,121.444281,31.192921
835,55165,121.44362313,31.1958568103,121.4434633,31.19191,121.444281,31.192921
836,55165,121.443622676,31.1958786688,121.4434483,31.191925,121.444281,31.192921
837,55166,121.443620981,31.1959212154,121.4434483,31.191925,121.444281,31.192921
838,55166,121.443605617,31.1959058521,121.4434483,31.191925,121.444281,31.192921
839,55167,121.443627257,31.1959188363,121.443435,31.19194,121.444281,31.192921
840,55167,121.443612433,31.1959391097,121.4434217,31.19195667,121.444281,31.192921
841,55167,121.443603271,31.1959524715,121.4434217,31.19195667,121.444281,31.192921
842,55168,121.443605831,31.1958130567,121.44341,31.19198,121.444281,31.192921
843,55168,121.443633735,31.1959360066,121.44341,31.19198,121.444281,31.192921
844,55169,121.443638008,31.195945042,121.4434,31.192,121.444281,31.192921
845,55169,121.443599519,31.1959111095,121.4434,31.192,121.444281,31.192921
846,55170,121.443620086,31.1960398367,121.4433917,31.19201833,121.444281,31.192921
847,55170,121.4435979,31.1960501858,121.4433917,31.19201833,121.444281,31.192921
848,55171,121.443613857,31.1959556442,121.4433917,31.19201833,121.444281,31.192921
849,55171,121.44354523,31.1958641698,121.44338,31.19203667,121.444281,31.192921
850,55172,121.443601065,31.1959298832,121.44338,31.19203667,121.444281,31.192921
851,55172,121.443604781,31.1959809476,121.44337,31.192055,121.444281,31.192921
852,55173,121.44360853,31.1958869691,121.44337,31.192055,121.444281,31.192921
853,55173,121.443635076,31.1959075186,121.4433617,31.19207667,121.444281,31.192921
854,55174,121.443604042,31.1958495195,121.4433617,31.19207667,121.444281,31.192921
855,55174,121.443619479,31.195826077,121.443355,31.19209667,121.444281,31.192921
856,55175,121.443641222,31.1958906013,121.443355,31.19209667,121.444281,31.192921
857,55175,121.443514598,31.195994591,121.44336,31.192115,121.444281,31.192921
858,55176,121.44355235,31.196106968,121.44336,31.192115,121.444281,31.192921
859,55176,121.443585315,31.196123004,121.44336,31.192115,121.444281,31.192921
860,55177,121.443527649,31.1959579402,121.4433717,31.19213333,121.444281,31.192921
861,55177,121.443605751,31.1958878213,121.4433817,31.19214833,121.444281,31.192921
862,55178,121.443561146,31.1958959427,121.4433817,31.19214833,121.444281,31.192921
863,55178,121.44356158,31.1959035497,121.44339,31.19216667,121.444281,31.192921
864,55179,121.443548314,31.1959259618,121.44339,31.19216667,121.444281,31.192921
865,55179,121.443566048,31.1958950055,121.4433967,31.19218333,121.444281,31.192921
866,55180,121.443541357,31.1958566282,121.4433967,31.19218333,121.444281,31.192921
867,55180,121.4435673,31.1958159312,121.4433983,31.19219667,121.444281,31.192921
868,55180,121.4436053,31.1958476728,121.4433983,31.19219667,121.444281,31.192921
869,55181,121.443593515,31.1959171314,121.4433983,31.19219667,121.444281,31.192921
870,55181,121.44355011,31.1959122645,121.443395,31.19220833,121.444281,31.192921
871,55182,121.443575186,31.1958869195,121.443395,31.19222,121.444281,31.192921
872,55182,121.443567819,31.1958653509,121.443395,31.19222,121.444281,31.192921
873,55183,121.443578427,31.195921795,121.4433933,31.192235,121.444281,31.192921
874,55183,121.443589705,31.1958894644,121.4433933,31.192235,121.444281,31.192921
875,55184,121.443623641,31.1959203408,121.4433933,31.192235,121.444281,31.192921
876,55184,121.443591661,31.1958846165,121.4433767,31.19224667,121.444281,31.192921
877,55185,121.443560144,31.1959251337,121.4433767,31.19224667,121.444281,31.192921
878,55185,121.443549863,31.1958925239,121.443365,31.19226,121.444281,31.192921
879,55186,121.443583839,31.1958176822,121.443365,31.19226,121.444281,31.192921
880,55186,121.443612197,31.1958026838,121.443365,31.19226,121.444281,31.192921
881,55187,121.443570878,31.1958331234,121.44335,31.19227333,121.444281,31.192921
882,55187,121.44356714,31.1958135848,121.4433433,31.192285,121.444281,31.192921
883,55188,121.443571983,31.1958532982,121.4433433,31.192285,121.444281,31.192921
884,55188,121.443588666,31.1958683326,121.4433433,31.19229,121.444281,31.192921
885,55189,121.443565946,31.195801128,121.4433433,31.19229,121.444281,31.192921
886,55189,121.443595862,31.1958244012,121.4433583,31.19229333,121.444281,31.192921
887,55190,121.44361288,31.1958393885,121.4433583,31.19229333,121.444281,31.192921
888,55190,121.443585086,31.1958607871,121.4433767,31.192295,121.444281,31.192921
889,55191,121.443583462,31.1958521169,121.4433767,31.192295,121.444281,31.192921
890,55191,121.443585564,31.1958528786,121.4433767,31.192295,121.444281,31.192921
891,55191,121.443593845,31.1958078469,121.4433883,31.19229833,121.444281,31.192921
892,55192,121.443595145,31.1958298723,121.44339,31.19230333,121.444281,31.192921
893,55192,121.443553066,31.1958282683,121.44339,31.19230333,121.444281,31.192921
894,55193,121.44357161,31.1958141605,121.44339,31.19230833,121.444281,31.192921
895,55193,121.443586038,31.1958186325,121.44339,31.19230833,121.444281,31.192921
896,55194,121.44354574,31.1958517506,121.4433883,31.19231167,121.444281,31.192921
897,55194,121.443319581,31.1952689538,121.4433883,31.19231167,121.444281,31.192921
898,55195,121.442397093,31.1949102121,121.4433867,31.192315,121.443115,31.193587
899,55196,121.442241979,31.1945387059,121.4433867,31.192315,121.443115,31.193587
900,55196,121.442264899,31.1945106664,121.4433833,31.19232,121.443115,31.193587
901,55197,121.442267916,31.1945187745,121.4433833,31.19232,121.443115,31.193587
902,55197,121.442264915,31.1945021296,121.44338,31.19232667,121.443115,31.193587
903,55198,121.442250412,31.1945297069,121.44338,31.19232667,121.443115,31.193587
904,55198,121.442270373,31.1945102067,121.44337,31.192335,121.443115,31.193587
905,55199,121.442266628,31.1945229088,121.44337,31.192335,121.443115,31.193587
906,55199,121.442266628,31.1945229088,121.4433617,31.19233833,121.443115,31.193587
907,55200,121.442255625,31.1945276584,121.4433617,31.19233833,121.443115,31.193587
908,55200,121.442264344,31.1945239481,121.443355,31.19234333,121.443115,31.193587
909,55201,121.442258179,31.1945219568,121.443355,31.19234333,121.443115,31.193587
910,55201,121.442270843,31.1945159953,121.443355,31.19234333,121.443115,31.193587
911,55202,121.442255315,31.1945226971,121.4433483,31.19234833,121.443115,31.193587
912,55202,121.442257469,31.1945243861,121.4433417,31.19235,121.443115,31.193587
913,55203,121.4422637,31.1945164212,121.4433417,31.19235,121.443115,31.193587
914,55203,121.44226158,31.1945291709,121.4433367,31.19235333,121.443115,31.193587
915,55204,121.442257716,31.1945304819,121.4433367,31.19235333,121.443115,31.193587
916,55204,121.442275256,31.194527313,121.4433283,31.19235833,121.443115,31.193587
917,55205,121.442206989,31.1945676053,121.4433167,31.19236333,121.443115,31.193587
918,55206,121.442159849,31.1945547753,121.4433167,31.19236333,121.443115,31.193587
919,55206,121.442152001,31.1945454589,121.4433167,31.19236333,121.443115,31.193587
920,55207,121.442132149,31.1945799417,121.4433033,31.19237167,121.443115,31.193587
921,55207,121.442182222,31.1945487192,121.4432933,31.19238,121.443115,31.193587
922,55207,121.442143648,31.1945819368,121.4432933,31.19238,121.443115,31.193587
923,55208,121.442145096,31.1945564898,121.4432867,31.19238333,121.443115,31.193587
924,55208,121.442133428,31.1945638972,121.4432867,31.19238333,121.443115,31.193587
925,55209,121.442130469,31.1945770555,121.4432767,31.19238667,121.443115,31.193587
926,55209,121.442149375,31.1945565139,121.4432767,31.19238667,121.443115,31.193587
927,55210,121.442186279,31.1945384585,121.4432717,31.19238667,121.443115,31.193587
928,55210,121.442145052,31.1945466054,121.4432717,31.19238667,121.443115,31.193587
929,55211,121.442154989,31.1945544739,121.4432717,31.19238667,121.443115,31.193587
930,55211,121.442146488,31.1945527725,121.4432633,31.19239,121.443115,31.193587
931,55212,121.442142837,31.1945549672,121.4432633,31.19239,121.443115,31.193587
932,55212,121.442134345,31.1945728267,121.4432567,31.19238667,121.443115,31.193587
933,55213,121.442165066,31.1945530598,121.4432567,31.19238667,121.443115,31.193587
934,55213,121.442141171,31.1945600435,121.44325,31.19238833,121.443115,31.193587
935,55214,121.442193652,31.19454422,121.44325,31.19238833,121.443115,31.193587
936,55214,121.442145395,31.1945594199,121.4432383,31.19239333,121.443115,31.193587
937,55215,121.442152811,31.1945482351,121.4432383,31.19239333,121.443115,31.193587
938,55215,121.442149708,31.1945581858,121.4432267,31.19239833,121.443115,31.193587
939,55216,121.442150821,31.1945472198,121.4432267,31.19239833,121.443115,31.193587
940,55216,121.442153394,31.1945472105,121.4432267,31.19239833,121.443115,31.193587
941,55217,121.442154676,31.1945512966,121.4432133,31.19240667,121.443115,31.193587
942,55217,121.442167411,31.1945543265,121.4432017,31.19241667,121.443115,31.193587
943,55218,121.442140558,31.1945580181,121.4432017,31.19241667,121.443115,31.193587
944,55218,121.44214957,31.1945425829,121.443185,31.19242833,121.443115,31.193587
945,55219,121.442149751,31.1945536625,121.443185,31.19242833,121.443115,31.193587
946,55219,121.442152873,31.1945449155,121.4431717,31.19245667,121.443115,31.193587
947,55219,121.442172136,31.1945430512,121.4431717,31.19245667,121.443115,31.193587
948,55220,121.442236038,31.1945155749,121.4431633,31.19247833,121.443115,31.193587
949,55220,121.442188944,31.1945384365,121.4431633,31.19247833,121.443115,31.193587
950,55221,121.442208808,31.1945361432,121.4431633,31.19247833,121.443115,31.193587
951,55221,121.442134911,31.194567252,121.4431483,31.19251333,121.443115,31.193587
952,55222,121.442210061,31.1945266749,121.4431317,31.19254167,121.443115,31.193587
953,55222,121.442191709,31.1945401851,121.4431317,31.19254167,121.443115,31.193587
954,55223,121.44216528,31.1945557117,121.4431183,31.19256167,121.443115,31.193587
955,55223,121.442192728,31.1945504317,121.4431183,31.19256167,121.443115,31.193587
956,55224,121.442187588,31.1945437393,121.4431183,31.19256167,121.443115,31.193587
957,55224,121.442166158,31.1945478441,121.4431217,31.19257,121.443115,31.193587
958,55225,121.442166388,31.1945505316,121.4431217,31.19257,121.443115,31.193587
959,55225,121.442156717,31.1945539916,121.4431467,31.19256333,121.443115,31.193587
960,55226,121.442148679,31.1945590599,121.4431467,31.19256333,121.443115,31.193587
961,55226,121.44214763,31.1945557831,121.4431467,31.19256333,121.443115,31.193587
962,55227,121.442156652,31.1945525078,121.44314,31.19258,121.443115,31.193587
963,55227,121.442191778,31.1945203653,121.4431333,31.192595,121.443115,31.193587
964,55228,121.442164456,31.194549793,121.4431333,31.192595,121.443115,31.193587
965,55228,121.44214648,31.1945586664,121.4431283,31.19260667,121.443115,31.193587
966,55229,121.442150036,31.1945573217,121.4431283,31.19260667,121.443115,31.193587
967,55229,121.442194499,31.1945343986,121.443125,31.19261667,121.443115,31.193587
968,55230,121.442160471,31.1945473282,121.443125,31.19261667,121.443115,31.193587
969,55230,121.442156934,31.1945459713,121.4431217,31.19262667,121.443115,31.193587
970,55231,121.442173921,31.1945599499,121.4431217,31.19262667,121.443115,31.193587
971,55231,121.442144127,31.1945737515,121.4431217,31.19262667,121.443115,31.193587
972,55232,121.442141994,31.1945720082,121.44313,31.192635,121.443115,31.193587
973,55232,121.442134747,31.1945757077,121.443125,31.192645,121.443115,31.193587
974,55232,121.442148464,31.1945492449,121.443125,31.192645,121.443115,31.193587
975,55233,121.442182006,31.1945373395,121.44312,31.19265667,121.443115,31.193587
976,55233,121.442126462,31.1945878072,121.44312,31.19265667,121.443115,31.193587
977,55234,121.442168077,31.1945492604,121.443115,31.192665,121.443115,31.193587
978,55234,121.442155659,31.1945560533,121.443115,31.192665,121.443115,31.193587
979,55235,121.442131847,31.1945773137,121.443115,31.192665,121.443115,31.193587
980,55235,121.442155073,31.1945723954,121.4431067,31.192675,121.443115,31.193587
981,55236,121.442178176,31.194548237,121.4431067,31.192675,121.443115,31.193587
982,55236,121.44216493,31.1945597161,121.4430983,31.19268667,121.443115,31.193587
983,55237,121.442168377,31.1945565536,121.4430983,31.19268667,121.443115,31.193587
984,55237,121.442125958,31.1945782469,121.4430883,31.19269833,121.443115,31.193587
985,55238,121.442129373,31.1945828385,121.4430883,31.19269833,121.443115,31.193587
986,55238,121.442152765,31.1945648402,121.4430817,31.19271,121.443115,31.193587
987,55239,121.442162092,31.1945683946,121.4430817,31.19271,121.443115,31.193587
988,55239,121.442123132,31.1945877191,121.4430767,31.19272333,121.443115,31.193587
989,55240,121.442151361,31.1945636535,121.4430767,31.19272333,121.443115,31.193587
990,55240,121.442132628,31.1945941294,121.4430717,31.19273667,121.443115,31.193587
991,55241,121.4421297,31.1945828085,121.4430717,31.19273667,121.443115,31.193587
992,55241,121.442131731,31.1945752824,121.4430717,31.19273667,121.443115,31.193587
993,55242,121.442152717,31.1945591241,121.443065,31.19274833,121.443115,31.193587
994,55242,121.442152615,31.1945573785,121.4430583,31.19275833,121.443115,31.193587
995,55243,121.442172358,31.1945694453,121.4430583,31.19275833,121.443115,31.193587
996,55243,121.442126911,31.1945900178,121.44305,31.19276667,121.443115,31.193587
997,55244,121.442168515,31.1945688317,121.44305,31.19276667,121.443115,31.193587
998,55244,121.442139348,31.1945935966,121.4430433,31.19277,121.443115,31.193587
999,55244,121.442165457,31.1945550583,121.4430433,31.19277,121.443115,31.193587
1000,55245,121.442161806,31.1945601363,121.4430367,31.19277167,121.443115,31.193587
1001,55245,121.442162005,31.1945565873,121.4430367,31.19277167,121.443115,31.193587
1002,55246,121.44215446,31.1945668543,121.4430367,31.19277167,121.443115,31.193587
1003,55246,121.44214516,31.1945780763,121.4430317,31.192775,121.443115,31.193587
1004,55247,121.442140796,31.1945789693,121.4430233,31.19277833,121.443115,31.193587
1005,55247,121.442159565,31.19453731,121.4430233,31.19277833,121.443115,31.193587
1006,55248,121.442162349,31.1945679079,121.4430233,31.19277833,121.443115,31.193587
1007,55248,121.442170597,31.1945521128,121.443015,31.19278167,121.443115,31.193587
1008,55249,121.442185693,31.1945414275,121.443015,31.19278167,121.443115,31.193587
1009,55249,121.442179461,31.1945441671,121.4430083,31.19278167,121.443115,31.193587
1010,55250,121.442195777,31.1945401432,121.4430083,31.19278167,121.443115,31.193587
1011,55250,121.442156648,31.194563204,121.443,31.192785,121.443115,31.193587
1012,55251,121.442179839,31.1945409855,121.443,31.192785,121.443115,31.193587
1013,55251,121.44212859,31.1945839685,121.443,31.192785,121.443115,31.193587
1014,55252,121.442156858,31.1945683952,121.4429983,31.19279,121.443115,31.193587
1015,55252,121.442186055,31.194532303,121.442995,31.192795,121.443115,31.193587
1016,55253,121.442175109,31.1945590653,121.442995,31.192795,121.443115,31.193587
1017,55253,121.442159016,31.194572501,121.4429867,31.19280167,121.443115,31.193587
1018,55254,121.442153263,31.194563666,121.4429867,31.19280167,121.443115,31.193587
1019,55254,121.442181027,31.194560573,121.4429833,31.19280833,121.443115,31.193587
1020,55255,121.442185217,31.1945479157,121.4429833,31.19280833,121.443115,31.193587
1021,55255,121.442168516,31.1945655593,121.44298,31.19282333,121.443115,31.193587
1022,55255,121.442164941,31.1945627022,121.44298,31.19282333,121.443115,31.193587
1023,55256,121.442159241,31.194558112,121.44298,31.19282333,121.443115,31.193587
1024,55256,121.442143231,31.1945779967,121.4429733,31.19284333,121.443115,31.193587
1025,55257,121.44218981,31.1945349177,121.4429667,31.19286,121.443115,31.193587
1026,55257,121.442144092,31.1945670432,121.4429667,31.19286,121.443115,31.193587
1027,55258,121.442154041,31.1945609344,121.4429633,31.19286833,121.443115,31.193587
1028,55258,121.442160691,31.1945645268,121.4429633,31.19286833,121.443115,31.193587
1029,55259,121.442157992,31.1945663992,121.4429633,31.19286833,121.443115,31.193587
1030,55259,121.44217504,31.1945571922,121.4429533,31.19288167,121.443115,31.193587
1031,55260,121.442154548,31.1945709379,121.4429533,31.19288167,121.443115,31.193587
1032,55260,121.442183055,31.1945551945,121.44294,31.192895,121.443115,31.193587
1033,55261,121.442165962,31.1945558882,121.44294,31.192895,121.443115,31.193587
1034,55261,121.442185637,31.1945749619,121.44294,31.192895,121.443115,31.193587
1035,55262,121.442148988,31.194569999,121.4429267,31.19291167,121.443115,31.193587
1036,55262,121.442168288,31.1945446428,121.442915,31.192925,121.443115,31.193587
1037,55263,121.442152451,31.1945394623,121.442915,31.192925,121.443115,31.193587
1038,55263,121.442146816,31.1945650885,121.442905,31.19293833,121.443115,31.193587
1039,55264,121.442152116,31.1945882609,121.442905,31.19293833,121.443115,31.193587
1040,55264,121.442156851,31.1945694005,121.4428983,31.19294833,121.443115,31.193587
1041,55265,121.44218361,31.1945615539,121.4428983,31.19294833,121.443115,31.193587
1042,55265,121.442176677,31.1946053318,121.44289,31.19295833,121.443115,31.193587
1043,55266,121.442183803,31.1945625889,121.44289,31.19295833,121.443115,31.193587
1044,55266,121.442184468,31.1945634404,121.44289,31.19295833,121.443115,31.193587
1045,55267,121.442186876,31.1945772615,121.442875,31.19297167,121.443115,31.193587
1046,55267,121.442199633,31.1945643019,121.4428617,31.192985,121.443115,31.193587
1047,55268,121.442324651,31.1945046384,121.4428617,31.192985,121.443115,31.193587
1048,55269,121.442787982,31.1943226902,121.44285,31.19299333,121.445424,31.194791
1049,55298,121.44255327,31.1944119888,121.4425767,31.193385,121.443115,31.193587
1050,55298,121.442860289,31.1942883127,121.44256,31.19341167,121.443115,31.193587
1051,55299,121.442925626,31.1941657262,121.44256,31.19341167,121.443115,31.193587
1052,55299,121.443474274,31.1944931427,121.4425467,31.193435,121.443115,31.193587
1053,55300,121.444456233,31.1948041113,121.4425367,31.19345,121.445424,31.194791
1054,55301,121.445026772,31.1951503097,121.4425367,31.19345,121.445424,31.194791
1055,55301,121.445111788,31.1951666711,121.4425367,31.19345,121.445424,31.194791
1056,55302,121.445127104,31.1952179322,121.4425283,31.19346833,121.445424,31.194791
1057,55302,121.445048178,31.1951705295,121.4425167,31.193485,121.445424,31.194791
1058,55303,121.444954883,31.1951282162,121.4425167,31.193485,121.445424,31.194791
1059,55303,121.444934781,31.1951404793,121.442505,31.1935,121.445424,31.194791
1060,55304,121.444902102,31.1950952222,121.442505,31.1935,121.445424,31.194791
1061,55304,121.445068909,31.1951737854,121.4424983,31.19351167,121.445424,31.194791
1062,55305,121.444609942,31.1949119441,121.4424983,31.19351167,121.445424,31.194791
1063,55306,121.443669016,31.1944696067,121.44249,31.19352833,121.445424,31.194791
1064,55306,121.443068215,31.1941648848,121.44249,31.19352833,121.445424,31.194791
1065,55307,121.443743937,31.1943127454,121.4424817,31.193545,121.445424,31.194791
1066,55307,121.44400509,31.1943909912,121.442475,31.19355833,121.445424,31.194791
1067,55308,121.443925451,31.194367465,121.442475,31.19355833,121.445424,31.194791
1068,55308,121.443665618,31.1942664517,121.44247,31.19356833,121.445424,31.194791
1069,55309,121.443272238,31.1940931224,121.44247,31.19356833,121.445424,31.194791
1070,55309,121.443323644,31.194103758,121.442465,31.19357333,121.445424,31.194791
1071,55309,121.4432923,31.1940958252,121.442465,31.19357333,121.445424,31.194791
1072,55310,121.443254781,31.1940592188,121.4424617,31.19357667,121.445424,31.194791
1073,55310,121.443263025,31.1940882205,121.4424617,31.19357667,121.445424,31.194791
1074,55311,121.44332043,31.1941102973,121.4424617,31.19357667,121.445424,31.194791
1075,55311,121.443343555,31.1941101778,121.4424617,31.19357833,121.445424,31.194791
1076,55312,121.443316708,31.1941133338,121.4424617,31.19357833,121.445424,31.194791
